Date,platinum_oz_usd_price,platinum_kg_usd_price,platinum_oz_gbp_price,platinum_kg_gbp_price
1990-04-02 09:00:00+00:00,471,15142.98,289.65,9312.45
1990-04-30 09:00:00+00:00,472.25,15183.17,289.55,9309.24
1990-05-01 09:00:00+00:00,473.25,15215.32,288.75,9283.51
1990-05-30 09:00:00+00:00,496.5,15962.82,291.45,9370.32
1990-06-01 09:00:00+00:00,490,15753.84,292,9388
1990-07-02 09:00:00+00:00,487,15657.39,277.35,8917
1990-07-30 09:00:00+00:00,475.85,15298.91,258.4,8307.74
1990-08-01 09:00:00+00:00,485.15,15597.91,260.95,8389.73
1990-08-30 09:00:00+00:00,484.5,15577.01,251.5,8085.9
1990-09-03 09:00:00+00:00,487,15657.39,260.7,8381.69
1990-10-01 09:00:00+00:00,430,13824.8,227.15,7303.03
1990-10-30 09:00:00+00:00,418.25,13447.03,214.6,6899.54
1990-11-01 09:00:00+00:00,435.75,14009.67,225.3,7243.55
1990-11-30 09:00:00+00:00,425.1,13667.26,219.9,7069.94
1990-12-03 09:00:00+00:00,429.25,13800.69,222.3,7147.1
1990-12-31 09:00:00+00:00,415,13342.54,215.55,6930.08
1991-01-02 09:00:00+00:00,416.25,13382.73,214.2,6886.68
1991-01-30 09:00:00+00:00,386.5,12426.25,197.15,6338.51
1991-02-01 09:00:00+00:00,394.75,12691.49,200.85,6457.47
1991-03-01 09:00:00+00:00,401.75,12916.54,211.3,6793.44
1991-04-02 09:00:00+00:00,394.5,12683.45,224,7201.76
1991-04-30 09:00:00+00:00,391,12570.92,228.7,7352.87
1991-05-01 09:00:00+00:00,394.25,12675.41,226.7,7288.56
1991-05-30 09:00:00+00:00,369.5,11879.68,214.25,6888.29
1991-06-03 09:00:00+00:00,376.3,12098.31,221.9,7134.24
1991-07-01 09:00:00+00:00,379.85,12212.44,233.6,7510.4
1991-07-30 09:00:00+00:00,358.5,11526.03,212.45,6830.42
1991-08-01 09:00:00+00:00,363.5,11686.78,215.75,6936.51
1991-08-30 09:00:00+00:00,335.25,10778.52,198.6,6385.13
1991-09-02 09:00:00+00:00,338.5,10883.01,201.15,6467.11
1991-09-30 09:00:00+00:00,350.9,11281.68,200.1,6433.36
1991-10-01 09:00:00+00:00,354,11381.35,202.6,6513.73
1991-10-30 09:00:00+00:00,363,11670.7,210.05,6753.25
1991-11-01 09:00:00+00:00,362,11638.55,208.15,6692.17
1991-12-02 09:00:00+00:00,369.5,11879.68,207.95,6685.74
1991-12-30 09:00:00+00:00,330,10609.73,176.15,5663.35
1992-01-02 09:00:00+00:00,336.5,10818.71,179.75,5779.09
1992-01-30 09:00:00+00:00,353,11349.2,196.75,6325.65
1992-02-03 09:00:00+00:00,357,11477.8,199.35,6409.24
1992-03-02 09:00:00+00:00,358.5,11526.03,204.35,6570
1992-03-30 09:00:00+00:00,353.25,11357.23,203.55,6544.27
1992-04-01 09:00:00+00:00,360.25,11582.29,208.65,6708.24
1992-04-30 09:00:00+00:00,344.75,11083.95,195.2,6275.82
1992-05-01 09:00:00+00:00,347.75,11180.41,195.4,6282.25
1992-06-01 09:00:00+00:00,367.25,11807.34,199.8,6423.71
1992-06-30 09:00:00+00:00,378.5,12169.04,199.05,6399.6
1992-07-01 09:00:00+00:00,380,12217.27,198.65,6386.74
1992-07-30 09:00:00+00:00,374.6,12043.65,195.6,6288.68
1992-08-03 09:00:00+00:00,380,12217.27,197.1,6336.9
1992-08-25 09:00:00+00:00,,,175.4,5639.23
1992-09-01 09:00:00+00:00,361.75,11630.52,181.5,5835.35
1992-09-30 09:00:00+00:00,367.5,11815.38,207,6655.19
1992-10-01 09:00:00+00:00,366.5,11783.23,209.5,6735.57
1992-10-30 09:00:00+00:00,353.5,11365.27,225.35,7245.16
1992-11-02 09:00:00+00:00,354.5,11397.42,228.7,7352.87
1992-11-30 09:00:00+00:00,357.55,11495.48,237.25,7627.75
1992-12-01 09:00:00+00:00,362.75,11662.67,239.5,7700.09
1992-12-30 09:00:00+00:00,356.5,11461.72,235.8,7581.14
1993-01-04 09:00:00+00:00,352.7,11339.55,234.45,7537.73
1993-02-01 09:00:00+00:00,361,11606.4,247.25,7949.26
1993-03-01 09:00:00+00:00,346.4,11137,241.9,7777.25
1993-03-30 09:00:00+00:00,358.25,11517.99,239.8,7709.74
1993-04-01 09:00:00+00:00,362.25,11646.59,239.9,7712.95
1993-04-30 09:00:00+00:00,386.5,12426.25,246.35,7920.32
1993-05-04 09:00:00+00:00,379,12185.12,241.25,7756.36
1993-06-01 09:00:00+00:00,398,12795.98,254.9,8195.21
1993-06-30 09:00:00+00:00,385.7,12400.52,255.75,8222.54
1993-07-01 09:00:00+00:00,385.5,12394.09,258.45,8309.35
1993-07-30 09:00:00+00:00,414.5,13326.47,279.9,8998.98
1993-08-02 09:00:00+00:00,418.65,13459.89,282.7,9089
1993-08-31 09:00:00+00:00,383.25,12321.76,255.65,8219.33
1993-09-01 09:00:00+00:00,381.5,12265.49,255.45,8212.9
1993-09-30 09:00:00+00:00,357.75,11501.91,236.9,7616.5
1993-10-01 09:00:00+00:00,358.75,11534.06,240.55,7733.85
1993-11-01 09:00:00+00:00,369.5,11879.68,248.9,8002.31
1993-11-30 09:00:00+00:00,367.35,11810.56,247.05,7942.83
1993-12-01 09:00:00+00:00,366.75,11791.27,247.45,7955.69
1993-12-30 09:00:00+00:00,392,12603.07,264.85,8515.11
1994-01-04 09:00:00+00:00,399.5,12844.2,269.55,8666.22
1994-01-31 09:00:00+00:00,381.6,12268.71,254.55,8183.96
1994-02-01 09:00:00+00:00,388,12474.47,257.7,8285.24
1994-03-01 09:00:00+00:00,394.4,12680.24,264.95,8518.33
1994-03-30 09:00:00+00:00,408,13117.49,276.4,8886.45
1994-04-05 09:00:00+00:00,412.65,13266.99,281.6,9053.64
1994-05-03 09:00:00+00:00,401,12892.43,265.3,8529.58
1994-05-31 09:00:00+00:00,398.75,12820.09,264,8487.78
1994-06-01 09:00:00+00:00,402.25,12932.62,265.85,8547.26
1994-06-30 09:00:00+00:00,400.25,12868.32,260.4,8372.04
1994-07-01 09:00:00+00:00,405,13021.03,264.35,8499.04
1994-08-01 09:00:00+00:00,422.5,13583.67,273.3,8786.79
1994-08-30 09:00:00+00:00,413.5,13294.31,269.55,8666.22
1994-09-01 09:00:00+00:00,413,13278.24,268.9,8645.32
1994-09-30 09:00:00+00:00,419.25,13479.18,265.2,8526.37
1994-10-03 09:00:00+00:00,416,13374.69,263.95,8486.18
1994-10-31 09:00:00+00:00,421.4,13548.3,259.55,8344.71
1994-11-01 09:00:00+00:00,414,13310.39,252.75,8126.09
1994-11-30 09:00:00+00:00,409.6,13168.93,262.25,8431.52
1994-12-01 09:00:00+00:00,403.75,12980.85,257.65,8283.63
1994-12-30 09:00:00+00:00,416.5,13390.77,266.65,8572.98
1995-01-03 09:00:00+00:00,416,13374.69,266.4,8564.95
1995-01-30 09:00:00+00:00,413.6,13297.53,260.45,8373.65
1995-02-01 09:00:00+00:00,415.5,13358.62,262.5,8439.56
1995-03-01 09:00:00+00:00,409,13149.64,258.7,8317.39
1995-03-30 09:00:00+00:00,418.35,13450.25,259.6,8346.32
1995-04-03 09:00:00+00:00,440,14146.31,271.85,8740.17
1995-05-01 09:00:00+00:00,442.75,14234.72,274.6,8828.58
1995-05-30 09:00:00+00:00,437,14049.86,273.45,8791.61
1995-06-01 09:00:00+00:00,431.5,13873.03,272.25,8753.03
1995-06-30 09:00:00+00:00,439.75,14138.27,276.05,8875.2
1995-07-03 09:00:00+00:00,434,13953.4,272.35,8756.24
1995-07-31 09:00:00+00:00,425.75,13688.16,265.85,8547.26
1995-08-01 09:00:00+00:00,418.75,13463.11,262.2,8429.91
1995-08-30 09:00:00+00:00,428.75,13784.61,277.85,8933.07
1995-09-01 09:00:00+00:00,429.25,13800.69,276.65,8894.49
1995-10-02 09:00:00+00:00,420.25,13511.33,266.15,8556.91
1995-10-30 09:00:00+00:00,406.5,13069.26,258.35,8306.13
1995-11-01 09:00:00+00:00,409,13149.64,259.2,8333.46
1995-11-30 09:00:00+00:00,413.25,13286.28,269.5,8664.61
1995-12-01 09:00:00+00:00,413.5,13294.31,270.45,8695.16
1996-01-02 09:00:00+00:00,400.75,12884.39,258.95,8325.42
1996-01-30 09:00:00+00:00,421,13535.44,279.45,8984.51
1996-02-01 09:00:00+00:00,422.5,13583.67,279.05,8971.65
1996-03-01 09:00:00+00:00,412.75,13270.2,270.4,8693.55
1996-04-01 09:00:00+00:00,406.5,13069.26,266.55,8569.77
1996-04-30 09:00:00+00:00,400.5,12876.36,265.75,8544.05
1996-05-01 09:00:00+00:00,400.5,12876.36,267.55,8601.92
1996-05-30 09:00:00+00:00,399.75,12852.24,260.4,8372.04
1996-06-03 09:00:00+00:00,401,12892.43,258.95,8325.42
1996-07-01 09:00:00+00:00,390.5,12554.85,251.55,8087.51
1996-07-30 09:00:00+00:00,398.5,12812.05,255.85,8225.76
1996-08-01 09:00:00+00:00,403.5,12972.81,259.25,8335.07
1996-08-30 09:00:00+00:00,397,12763.83,254.9,8195.21
1996-09-02 09:00:00+00:00,395.5,12715.6,253.1,8137.34
1996-09-30 09:00:00+00:00,383.5,12329.79,245.45,7891.39
1996-10-01 09:00:00+00:00,381.5,12265.49,243.6,7831.91
1996-10-30 09:00:00+00:00,380.5,12233.34,235.15,7560.24
1996-11-01 09:00:00+00:00,379.75,12209.23,231.65,7447.71
1996-12-02 09:00:00+00:00,373.75,12016.32,221.7,7127.81
1996-12-30 09:00:00+00:00,370.25,11903.8,218.95,7039.4
1997-01-02 09:00:00+00:00,369.5,11879.68,216.8,6970.27
1997-01-30 09:00:00+00:00,353,11349.2,218.15,7013.68
1997-02-03 09:00:00+00:00,350.25,11260.78,218.65,7029.75
1997-03-03 09:00:00+00:00,390.5,12554.85,240.85,7743.5
1997-04-01 09:00:00+00:00,369.5,11879.68,225.05,7235.52
1997-04-30 09:00:00+00:00,374.25,12032.4,229.3,7372.16
1997-05-01 09:00:00+00:00,372.25,11968.1,228.95,7360.9
1997-05-30 09:00:00+00:00,410,13181.79,250.15,8042.5
1997-06-02 09:00:00+00:00,405.5,13037.11,247.7,7963.73
1997-06-30 09:00:00+00:00,423,13599.75,254.3,8175.92
1997-07-01 09:00:00+00:00,434,13953.4,260.65,8380.08
1997-07-30 09:00:00+00:00,426,13696.2,261.35,8402.59
1997-08-01 09:00:00+00:00,436.5,14033.78,266.15,8556.91
1997-09-01 09:00:00+00:00,410,13181.79,254.65,8187.18
1997-09-30 09:00:00+00:00,432.75,13913.22,268.1,8619.6
1997-10-01 09:00:00+00:00,435,13985.55,268.95,8646.93
1997-10-30 09:00:00+00:00,400.5,12876.36,239.9,7712.95
1997-11-03 09:00:00+00:00,407,13085.33,243,7812.62
1997-12-01 09:00:00+00:00,384,12345.87,228.25,7338.4
1997-12-30 09:00:00+00:00,363,11670.7,217.35,6987.95
1998-01-02 09:00:00+00:00,366,11767.16,223.6,7188.9
1998-01-30 09:00:00+00:00,388,12474.47,237.5,7635.79
1998-02-02 09:00:00+00:00,389,12506.62,239.1,7687.23
1998-03-02 09:00:00+00:00,387,12442.32,233.85,7518.44
1998-03-30 09:00:00+00:00,407,13085.33,241.95,7778.86
1998-04-01 09:00:00+00:00,409,13149.64,244.45,7859.24
1998-04-30 09:00:00+00:00,404,12988.88,241.85,7775.65
1998-05-01 09:00:00+00:00,397.5,12779.9,237.55,7637.4
1998-06-01 09:00:00+00:00,368,11831.46,225.65,7254.81
1998-06-30 09:00:00+00:00,352,11317.05,211.15,6788.62
1998-07-01 09:00:00+00:00,360,11574.25,216.55,6962.23
1998-07-30 09:00:00+00:00,378,12152.96,230.5,7410.74
1998-08-03 09:00:00+00:00,374,12024.36,230,7394.66
1998-09-01 09:00:00+00:00,362,11638.55,215.75,6936.51
1998-09-30 09:00:00+00:00,349,11220.59,205.25,6598.93
1998-10-01 09:00:00+00:00,353,11349.2,207.3,6664.84
1998-10-30 09:00:00+00:00,336,10802.64,199.7,6420.49
1998-11-02 09:00:00+00:00,336,10802.64,200.95,6460.68
1998-11-30 09:00:00+00:00,353,11349.2,213.7,6870.6
1998-12-01 09:00:00+00:00,351.5,11300.97,212.9,6844.88
1998-12-30 09:00:00+00:00,360,11574.25,215.05,6914.01
1999-01-04 09:00:00+00:00,362.5,11654.63,218.5,7024.93
1999-01-13 22:00:00+00:00,,,,
1999-02-01 09:00:00+00:00,347,11156.29,211.05,6785.41
1999-03-01 09:00:00+00:00,378,12152.96,235.8,7581.14
1999-03-30 09:00:00+00:00,363,11670.7,224.55,7219.44
1999-04-01 09:00:00+00:00,361.5,11622.48,224.55,7219.44
1999-04-30 09:00:00+00:00,350,11252.75,217.3,6986.35
1999-05-04 09:00:00+00:00,349,11220.59,216.9,6973.49
1999-06-01 09:00:00+00:00,360,11574.25,224.45,7216.22
1999-06-30 09:00:00+00:00,348,11188.44,220.95,7103.7
1999-07-01 09:00:00+00:00,352.5,11333.12,222.8,7163.18
1999-07-30 09:00:00+00:00,346,11124.14,213.4,6860.96
1999-08-02 09:00:00+00:00,344,11059.84,212.6,6835.24
1999-08-31 09:00:00+00:00,349,11220.59,218.25,7016.89
1999-09-01 09:00:00+00:00,349,11220.59,216.75,6968.66
1999-09-30 09:00:00+00:00,401,12892.43,243.45,7827.09
1999-10-01 09:00:00+00:00,410,13181.79,248.65,7994.27
1999-11-01 09:00:00+00:00,419,13471.14,254.5,8182.35
1999-11-30 09:00:00+00:00,435,13985.55,271.45,8727.31
1999-12-01 09:00:00+00:00,442,14210.61,275.9,8870.38
1999-12-30 09:00:00+00:00,448,14403.51,276.9,8902.53
2000-01-04 09:00:00+00:00,442,14210.61,270.15,8685.51
2000-01-31 09:00:00+00:00,495,15914.6,304.8,9799.53
2000-02-01 09:00:00+00:00,493,15850.3,305.85,9833.29
2000-03-01 09:00:00+00:00,477,15335.88,301.9,9706.3
2000-03-30 09:00:00+00:00,477,15335.88,299.7,9635.56
2000-04-03 09:00:00+00:00,508,16332.56,319.8,10281.79
2000-05-02 09:00:00+00:00,532,17104.17,341.45,10977.86
2000-05-30 09:00:00+00:00,550,17682.89,366.65,11788.05
2000-06-01 09:00:00+00:00,552,17747.19,368.85,11858.79
2000-06-30 09:00:00+00:00,565,18165.15,373.55,12009.89
2000-07-03 09:00:00+00:00,555,17843.64,366.35,11778.41
2000-07-31 09:00:00+00:00,570,18325.9,380.25,12225.3
2000-08-01 09:00:00+00:00,588,18904.61,392.5,12619.15
2000-08-30 09:00:00+00:00,595,19129.67,411.9,13242.87
2000-09-01 09:00:00+00:00,590,18968.91,406.2,13059.61
2000-10-02 09:00:00+00:00,573,18422.35,388.35,12485.72
2000-10-30 09:00:00+00:00,576,18518.8,394.9,12696.31
2000-11-01 09:00:00+00:00,586,18840.31,404.15,12993.71
2000-11-30 09:00:00+00:00,604,19419.02,424.6,13651.19
2000-12-01 09:00:00+00:00,606,19483.32,422.6,13586.89
2001-01-02 09:00:00+00:00,610,19611.93,408.7,13139.99
2001-01-30 09:00:00+00:00,604,19419.02,414.55,13328.07
2001-02-01 09:00:00+00:00,602.5,19370.8,409,13149.64
2001-03-01 09:00:00+00:00,609,19579.78,420.6,13522.58
2001-03-30 09:00:00+00:00,564,18132.99,394.7,12689.88
2001-04-02 09:00:00+00:00,558,17940.09,393.65,12656.12
2001-04-30 09:00:00+00:00,596,19161.82,415.35,13353.79
2001-05-01 09:00:00+00:00,600,19290.42,420.3,13512.94
2001-05-30 09:00:00+00:00,618,19869.13,434.9,13982.34
2001-06-01 09:00:00+00:00,596,19161.82,420.15,13508.12
2001-07-02 09:00:00+00:00,560,18004.39,396.3,12741.32
2001-07-30 09:00:00+00:00,498,16011.05,350.1,11255.96
2001-08-01 09:00:00+00:00,470,15110.83,328.45,10559.9
2001-08-30 09:00:00+00:00,449,14435.66,309.35,9945.82
2001-09-03 09:00:00+00:00,442,14210.61,304,9773.81
2001-10-01 09:00:00+00:00,424,13631.9,287.85,9254.58
2001-10-30 09:00:00+00:00,430,13824.8,296.05,9518.21
2001-11-01 09:00:00+00:00,419.5,13487.22,287.7,9249.76
2001-11-30 09:00:00+00:00,441,14178.46,309.6,9953.86
2001-12-03 09:00:00+00:00,453,14564.27,318.65,10244.82
2001-12-31 09:00:00+00:00,477,15335.88,329.2,10584.01
2002-01-02 09:00:00+00:00,481,15464.49,331.25,10649.92
2002-01-30 09:00:00+00:00,457,14692.87,322.95,10383.07
2002-02-01 09:00:00+00:00,449,14435.66,318,10223.92
2002-03-01 09:00:00+00:00,486,15625.24,342.25,11003.58
2002-04-02 09:00:00+00:00,537,17264.93,373.45,12006.68
2002-04-30 09:00:00+00:00,537,17264.93,368.45,11845.93
2002-05-01 09:00:00+00:00,523,16814.82,358.7,11532.46
2002-05-30 09:00:00+00:00,547,17586.43,373.25,12000.25
2002-06-05 09:00:00+00:00,552,17747.19,378.45,12167.43
2002-07-01 09:00:00+00:00,532,17104.17,347.7,11178.8
2002-07-30 09:00:00+00:00,527,16943.42,337.5,10850.86
2002-08-01 09:00:00+00:00,522,16782.67,336.25,10810.67
2002-08-30 09:00:00+00:00,568,18261.6,365.6,11754.3
2002-09-02 09:00:00+00:00,563,18100.84,363.6,11689.99
2002-09-30 09:00:00+00:00,563.5,18116.92,360.5,11590.33
2002-10-01 09:00:00+00:00,567,18229.45,360,11574.25
2002-10-30 09:00:00+00:00,590,18968.91,378.8,12178.69
2002-11-01 09:00:00+00:00,578,18583.1,369.7,11886.11
2002-12-02 09:00:00+00:00,592,19033.21,380.45,12231.73
2002-12-30 09:00:00+00:00,598,19226.12,373.15,11997.03
2003-01-02 09:00:00+00:00,600,19290.42,373.25,12000.25
2003-01-30 09:00:00+00:00,671,21573.12,409.15,13154.46
2003-02-03 09:00:00+00:00,690,22183.98,420.75,13527.41
2003-03-03 09:00:00+00:00,683,21958.93,433.8,13946.97
2003-03-31 09:00:00+00:00,645,20737.2,409,13149.64
2003-04-01 09:00:00+00:00,642,20640.75,405.95,13051.58
2003-04-30 09:00:00+00:00,606,19483.32,379.95,12215.66
2003-05-01 09:00:00+00:00,606,19483.32,378.25,12161
2003-05-30 09:00:00+00:00,643,20672.9,390.3,12548.42
2003-06-02 09:00:00+00:00,638,20512.15,391.9,12599.86
2003-06-30 09:00:00+00:00,665,21380.22,403.25,12964.77
2003-07-01 09:00:00+00:00,671,21573.12,405.45,13035.5
2003-07-30 09:00:00+00:00,693,22280.44,427.1,13731.56
2003-08-01 09:00:00+00:00,677,21766.02,423,13599.75
2003-09-01 09:00:00+00:00,707,22730.54,448.45,14417.98
2003-09-30 09:00:00+00:00,708,22762.7,423.55,13617.43
2003-10-01 09:00:00+00:00,712,22891.3,428.15,13765.32
2003-10-30 09:00:00+00:00,759,24402.38,446.85,14366.54
2003-11-03 09:00:00+00:00,738,23727.22,435.8,14011.28
2003-12-01 09:00:00+00:00,770,24756.04,447.15,14376.19
2003-12-30 09:00:00+00:00,812,26106.37,457.6,14712.16
2004-01-02 09:00:00+00:00,815,26202.82,455.55,14646.25
2004-01-30 09:00:00+00:00,829,26652.93,458.75,14749.13
2004-02-02 09:00:00+00:00,832,26749.38,456.65,14681.62
2004-03-01 09:00:00+00:00,894,28742.73,478.45,15382.5
2004-03-30 09:00:00+00:00,888,28549.82,487.25,15665.43
2004-04-01 09:00:00+00:00,910,29257.14,492.3,15827.79
2004-04-30 09:00:00+00:00,798,25656.26,451.1,14503.18
2004-05-04 09:00:00+00:00,816,26234.97,456.25,14668.76
2004-06-01 09:00:00+00:00,844,27135.19,459.3,14766.82
2004-06-30 09:00:00+00:00,790,25399.05,437.2,14056.29
2004-07-01 09:00:00+00:00,783,25174,431.65,13877.85
2004-07-30 09:00:00+00:00,816,26234.97,449.1,14438.88
2004-08-02 09:00:00+00:00,827,26588.63,451.55,14517.65
2004-08-31 09:00:00+00:00,866,27842.51,482.45,15511.11
2004-09-01 09:00:00+00:00,866,27842.51,482.3,15506.28
2004-09-30 09:00:00+00:00,850,27328.1,472.9,15204.07
2004-10-01 09:00:00+00:00,863,27746.05,478.25,15376.07
2004-11-01 09:00:00+00:00,834,26813.68,454.85,14623.75
2004-11-30 09:00:00+00:00,865,27810.36,456.7,14683.22
2004-12-01 09:00:00+00:00,866,27842.51,451.5,14516.04
2004-12-30 09:00:00+00:00,859.5,27633.53,447.1,14374.58
2005-01-04 09:00:00+00:00,848,27263.79,446.9,14368.15
2005-01-31 09:00:00+00:00,871,28003.26,463.3,14895.42
2005-02-01 09:00:00+00:00,881,28324.77,469,15078.68
2005-03-01 09:00:00+00:00,866,27842.51,450.55,14485.5
2005-03-30 09:00:00+00:00,860.5,27665.68,458.2,14731.45
2005-04-01 09:00:00+00:00,862.5,27729.98,456.95,14691.26
2005-05-03 09:00:00+00:00,867,27874.66,457.9,14721.81
2005-05-31 09:00:00+00:00,863,27746.05,474.2,15245.86
2005-06-01 09:00:00+00:00,867,27874.66,476.9,15332.67
2005-06-30 09:00:00+00:00,885,28453.37,491.65,15806.89
2005-07-01 09:00:00+00:00,880,28292.62,495.1,15917.81
2005-08-01 09:00:00+00:00,901,28967.78,510.05,16398.46
2005-08-30 09:00:00+00:00,895,28774.88,500.3,16085
2005-09-01 09:00:00+00:00,893,28710.58,493.65,15871.19
2005-09-30 09:00:00+00:00,929,29868,528.15,16980.39
2005-10-03 09:00:00+00:00,924,29707.25,526.8,16936.99
2005-10-31 09:00:00+00:00,939,30189.51,527.55,16961.1
2005-11-01 09:00:00+00:00,930,29900.15,525.4,16891.98
2005-11-30 09:00:00+00:00,980,31507.69,568.8,18287.32
2005-12-01 09:00:00+00:00,985,31668.44,568.85,18288.93
2005-12-30 09:00:00+00:00,964,30993.27,558.85,17967.42
2006-01-03 09:00:00+00:00,982,31571.99,567.15,18234.27
2006-01-30 09:00:00+00:00,1065,34240.5,603.4,19399.73
2006-02-01 09:00:00+00:00,1070,34401.25,601.65,19343.47
2006-03-01 09:00:00+00:00,1046,33629.63,595.65,19150.56
2006-03-30 09:00:00+00:00,1082,34787.06,621.85,19992.91
2006-04-03 09:00:00+00:00,1075,34562,622.3,20007.38
2006-05-02 09:00:00+00:00,1164,37423.41,635,20415.69
2006-05-30 09:00:00+00:00,1292,41538.7,689.05,22153.44
2006-06-01 09:00:00+00:00,1244,39995.47,667,21444.52
2006-06-30 09:00:00+00:00,1212,38966.65,659.6,21206.6
2006-07-03 09:00:00+00:00,1243,39963.32,673.7,21659.93
2006-07-31 09:00:00+00:00,1227,39448.91,657.75,21147.12
2006-08-01 09:00:00+00:00,1227,39448.91,657.2,21129.44
2006-08-30 09:00:00+00:00,1227,39448.91,645.45,20751.67
2006-09-01 09:00:00+00:00,1244,39995.47,653,20994.41
2006-10-02 09:00:00+00:00,1150,36973.31,613.65,19729.28
2006-10-30 09:00:00+00:00,1088,34979.96,572.95,18420.74
2006-11-01 09:00:00+00:00,1086,34915.66,569.2,18300.18
2006-11-30 09:00:00+00:00,1160,37294.81,592.6,19052.5
2006-12-01 09:00:00+00:00,1175,37777.07,597.5,19210.04
2007-01-02 09:00:00+00:00,1136,36523.2,576.2,18525.23
2007-01-30 09:00:00+00:00,1162,37359.11,591.5,19017.14
2007-02-01 09:00:00+00:00,1183,38034.28,601.75,19346.68
2007-03-01 09:00:00+00:00,1243,39963.32,633.55,20369.08
2007-03-30 09:00:00+00:00,1246,40059.77,636.7,20470.35
2007-04-02 09:00:00+00:00,1241,39899.02,629.15,20227.61
2007-04-30 09:00:00+00:00,1281,41185.05,643.55,20690.58
2007-05-01 09:00:00+00:00,1288,41410.1,643.05,20674.51
2007-05-30 09:00:00+00:00,1264,40638.48,639.05,20545.9
2007-06-01 09:00:00+00:00,1287,41377.95,650.5,20914.03
2007-07-02 09:00:00+00:00,1272,40895.69,632.7,20341.75
2007-07-30 09:00:00+00:00,1280,41152.9,631.95,20317.63
2007-08-01 09:00:00+00:00,1275,40992.14,630.4,20267.8
2007-08-30 09:00:00+00:00,1263,40606.33,627.75,20182.6
2007-09-03 09:00:00+00:00,1271,40863.54,629.5,20238.87
2007-10-01 09:00:00+00:00,1382,44432.27,676.15,21738.7
2007-10-30 09:00:00+00:00,1446,46489.91,700.4,22518.35
2007-11-01 09:00:00+00:00,1448,46554.21,697,22409.04
2007-11-30 09:00:00+00:00,1443,46393.46,698.1,22444.4
2007-12-03 09:00:00+00:00,1450,46618.51,705.25,22674.28
2007-12-31 09:00:00+00:00,1529,49158.42,765.05,24596.89
2008-01-02 09:00:00+00:00,1530,49190.57,770.8,24781.76
2008-01-30 09:00:00+00:00,1686,54206.08,847.25,27239.68
2008-02-01 09:00:00+00:00,1741,55974.37,873.75,28091.67
2008-03-03 09:00:00+00:00,2162,69509.81,1088.6,34999.25
2008-03-04 09:00:00+00:00,2276,73174.99,,
2008-03-31 09:00:00+00:00,2032,65330.22,1023.4,32903.03
2008-04-01 09:00:00+00:00,1938,62308.06,979.8,31501.26
2008-04-30 09:00:00+00:00,1923,61825.8,977.9,31440.17
2008-05-01 09:00:00+00:00,1917,61632.89,965.25,31033.46
2008-05-30 09:00:00+00:00,1976,63529.78,1002.55,32232.68
2008-06-02 09:00:00+00:00,1993,64076.35,1015,32632.96
2008-06-30 09:00:00+00:00,2077,66777,1041.1,33472.09
2008-07-01 09:00:00+00:00,2075,66712.7,1039.3,33414.22
2008-07-30 09:00:00+00:00,1762,56649.53,888.35,28561.07
2008-08-01 09:00:00+00:00,1717,55202.75,868.25,27914.85
2008-09-01 09:00:00+00:00,1451,46650.67,804.35,25860.42
2008-09-30 09:00:00+00:00,1047,33661.78,578.75,18607.22
2008-10-01 09:00:00+00:00,1040,33436.73,584.25,18784.05
2008-10-30 09:00:00+00:00,856,27521,520.5,16734.44
2008-11-03 09:00:00+00:00,838,26942.29,516.65,16610.66
2008-12-01 09:00:00+00:00,822,26427.88,543.1,17461.05
2008-12-30 09:00:00+00:00,907,29160.68,624.85,20089.36
2009-01-02 09:00:00+00:00,934,30028.75,641.9,20637.53
2009-01-30 09:00:00+00:00,975,31346.93,682.3,21936.42
2009-02-02 09:00:00+00:00,975,31346.93,686.4,22068.24
2009-03-02 09:00:00+00:00,1094,35172.87,769.9,24752.82
2009-03-30 09:00:00+00:00,1126,36201.69,794.35,25538.91
2009-04-01 09:00:00+00:00,1127,36233.84,782.65,25162.75
2009-04-30 09:00:00+00:00,1111,35719.43,745.15,23957.09
2009-05-01 09:00:00+00:00,1096,35237.17,738.55,23744.9
2009-06-01 09:00:00+00:00,1218,39159.55,742.9,23884.76
2009-06-30 09:00:00+00:00,1196,38452.24,719.6,23135.64
2009-07-01 09:00:00+00:00,1176,37809.22,715.35,22999
2009-07-30 09:00:00+00:00,1172,37680.62,710.5,22843.07
2009-08-03 09:00:00+00:00,1210,38902.35,718.55,23101.89
2009-09-01 09:00:00+00:00,1249,40156.22,768.6,24711.03
2009-09-30 09:00:00+00:00,1283,41249.35,797.4,25636.97
2009-10-01 09:00:00+00:00,1294,41603.01,810.8,26067.79
2009-10-30 09:00:00+00:00,1328,42696.13,802.65,25805.76
2009-11-02 09:00:00+00:00,1334,42889.03,813.9,26167.45
2009-11-30 09:00:00+00:00,1440,46297.01,870.9,28000.04
2009-12-01 09:00:00+00:00,1468,47197.23,889.15,28586.79
2009-12-30 09:00:00+00:00,1464,47068.62,921.35,29622.05
2010-01-04 09:00:00+00:00,1496,48097.45,924.3,29716.89
2010-02-01 09:00:00+00:00,1516,48740.46,952.85,30634.79
2010-03-01 09:00:00+00:00,1554,49962.19,1026.4,32999.48
2010-03-30 09:00:00+00:00,1627,52309.19,1081.05,34756.51
2010-04-01 09:00:00+00:00,1659,53338.01,1089.65,35033.01
2010-04-30 09:00:00+00:00,1737,55845.77,1129.75,36322.25
2010-05-04 09:00:00+00:00,1720,55299.2,1133.05,36428.35
2010-05-14 09:00:00+00:00,,,1183,38034.28
2010-06-01 09:00:00+00:00,1544,49640.68,1068.15,34341.77
2010-06-30 09:00:00+00:00,1533,49287.02,1020.65,32814.61
2010-07-01 09:00:00+00:00,1518,48804.76,1017.45,32711.73
2010-07-30 09:00:00+00:00,1555,49994.34,995.2,31996.38
2010-08-02 09:00:00+00:00,1586,50991.01,1003.8,32272.87
2010-08-31 09:00:00+00:00,1513,48644.01,980.55,31525.37
2010-09-01 09:00:00+00:00,1528,49126.27,995.75,32014.06
2010-09-30 09:00:00+00:00,1650,53048.65,1039.05,33406.18
2010-10-01 09:00:00+00:00,1669,53659.52,1056.35,33962.39
2010-11-01 09:00:00+00:00,1718,55234.9,1069.4,34381.96
2010-11-30 09:00:00+00:00,1651,53080.81,1062.4,34156.9
2010-12-01 09:00:00+00:00,1673,53788.12,1070.05,34402.86
2010-12-30 09:00:00+00:00,1760,56585.23,1135.1,36494.26
2011-01-04 09:00:00+00:00,1768,56842.44,1131.9,36391.38
2011-01-31 09:00:00+00:00,1789,57517.6,1126.95,36232.23
2011-02-01 09:00:00+00:00,1808,58128.47,1121.95,36071.48
2011-03-01 09:00:00+00:00,1809,58160.62,1109.15,35659.95
2011-03-30 09:00:00+00:00,1752,56328.03,1089.9,35041.05
2011-04-01 09:00:00+00:00,1779,57196.1,1109.1,35658.34
2011-05-03 09:00:00+00:00,1858,59736,1126.4,36214.55
2011-05-31 09:00:00+00:00,1821,58546.42,1103.65,35483.12
2011-06-01 09:00:00+00:00,1819,58482.12,1108.15,35627.8
2011-06-30 09:00:00+00:00,1724,55427.81,1076.85,34621.48
2011-07-01 09:00:00+00:00,1703,54752.64,1063.4,34189.05
2011-08-01 09:00:00+00:00,1796,57742.66,1094.1,35176.08
2011-08-30 09:00:00+00:00,1830,58835.78,1119.6,35995.92
2011-09-01 09:00:00+00:00,1850,59478.79,1140.2,36658.23
2011-09-30 09:00:00+00:00,1538,49447.78,986.55,31718.27
2011-10-03 09:00:00+00:00,1520,48869.06,978.8,31469.11
2011-10-31 09:00:00+00:00,1606,51634.02,1002.8,32240.72
2011-11-01 09:00:00+00:00,1581,50830.26,992.15,31898.32
2011-11-30 09:00:00+00:00,1515,48708.31,975.55,31364.62
2011-12-01 09:00:00+00:00,1552,49897.89,987.9,31761.68
2011-12-30 09:00:00+00:00,1381,44400.12,894.45,28757.19
2012-01-03 09:00:00+00:00,1408,45268.19,904,29064.23
2012-01-30 09:00:00+00:00,1601,51473.27,1022,32858.02
2012-02-01 09:00:00+00:00,1611,51794.78,1021.25,32833.9
2012-03-01 09:00:00+00:00,1692,54398.98,1062.5,34160.12
2012-03-30 09:00:00+00:00,1643,52823.6,1027.5,33034.84
2012-04-02 09:00:00+00:00,1636,52598.55,1018.7,32751.92
2012-04-30 09:00:00+00:00,1574,50605.2,966.55,31075.26
2012-05-01 09:00:00+00:00,1563,50251.54,964.8,31019
2012-05-30 09:00:00+00:00,1413,45428.94,907.2,29167.12
2012-06-01 09:00:00+00:00,1396,44882.38,913.6,29372.88
2012-07-02 09:00:00+00:00,1442,46361.31,919.05,29548.1
2012-07-30 09:00:00+00:00,1398,44946.68,891.3,28655.92
2012-08-01 09:00:00+00:00,1412,45396.79,902.25,29007.97
2012-08-30 09:00:00+00:00,1524,48997.67,963.35,30972.38
2012-09-03 09:00:00+00:00,1543,49608.53,971.05,31219.94
2012-10-01 09:00:00+00:00,1658,53305.86,1026.3,32996.26
2012-10-30 09:00:00+00:00,1548,49769.28,964.2,30999.7
2012-11-01 09:00:00+00:00,1573,50573.05,974,31314.78
2012-11-30 09:00:00+00:00,1617,51987.68,1008.1,32411.12
2012-12-03 09:00:00+00:00,1599,51408.97,996.55,32039.78
2012-12-31 09:00:00+00:00,1523,48965.52,942.15,30290.78
2013-01-02 09:00:00+00:00,1559,50122.94,955,30703.92
2013-01-30 09:00:00+00:00,1686,54206.08,1070.15,34406.07
2013-02-01 09:00:00+00:00,1672,53755.97,1055.55,33936.67
2013-03-01 09:00:00+00:00,1565,50315.85,1040.2,33443.16
2013-04-02 09:00:00+00:00,1592,51183.91,1045.65,33618.38
2013-04-30 09:00:00+00:00,1513,48644.01,976.75,31403.2
2013-05-01 09:00:00+00:00,1500,48226.05,962.75,30953.09
2013-05-30 09:00:00+00:00,1462,47004.32,963.75,30985.24
2013-06-03 09:00:00+00:00,1466,47132.93,960.35,30875.92
2013-07-01 09:00:00+00:00,1350,43403.44,885.85,28480.7
2013-07-30 09:00:00+00:00,1436,46168.41,936.75,30117.17
2013-08-01 09:00:00+00:00,1436,46168.41,944.45,30364.73
2013-08-30 09:00:00+00:00,1511,48579.71,975.15,31351.76
2013-09-02 09:00:00+00:00,1527,49094.12,980.4,31520.55
2013-09-30 09:00:00+00:00,1422,45718.3,879.95,28291.01
2013-10-01 09:00:00+00:00,1407,45236.03,866.9,27871.44
2013-10-30 09:00:00+00:00,1467,47165.08,912.9,29350.37
2013-11-01 09:00:00+00:00,1456,46811.42,910.3,29266.78
2013-12-02 09:00:00+00:00,1364,43853.55,831.2,26723.66
2013-12-30 09:00:00+00:00,1363,43821.4,826.8,26582.2
2014-01-02 09:00:00+00:00,1387,44593.02,838.05,26943.89
2014-01-30 09:00:00+00:00,1397,44914.53,847.95,27262.19
2014-02-03 09:00:00+00:00,1386,44560.87,846.65,27220.39
2014-03-03 09:00:00+00:00,1452,46682.82,867.4,27887.52
2014-03-31 09:00:00+00:00,1422,45718.3,855.1,27492.06
2014-04-01 09:00:00+00:00,1424,45782.6,855.5,27504.92
2014-04-30 09:00:00+00:00,1421,45686.14,844.85,27162.52
2014-05-01 09:00:00+00:00,1417,45557.54,837.95,26940.68
2014-05-30 09:00:00+00:00,1457,46843.57,870.65,27992.01
2014-06-02 09:00:00+00:00,1440,46297.01,860.45,27664.07
2014-06-30 09:00:00+00:00,1481,47615.19,869.65,27959.86
2014-07-01 09:00:00+00:00,1486,47775.94,868,27906.81
2014-07-30 09:00:00+00:00,1483,47679.49,875.95,28162.41
2014-08-01 09:00:00+00:00,1461,46972.17,867.6,27893.95
2014-09-01 09:00:00+00:00,1424,45782.6,856.55,27538.68
2014-09-30 09:00:00+00:00,1307,42020.96,804.05,25850.77
2014-10-01 09:00:00+00:00,1274,40959.99,787.65,25323.5
2014-10-30 09:00:00+00:00,1253,40284.83,783.35,25185.25
2014-11-03 09:00:00+00:00,1237,39770.42,773.1,24855.71
2014-12-01 09:00:00+00:00,1198,38516.54,764.51,24579.53
2014-12-30 09:00:00+00:00,1207,38805.89,777.21,24987.85
2015-01-02 09:00:00+00:00,1208,38838.05,780.61,25097.16
2015-01-30 09:00:00+00:00,1230,39545.36,815.92,26232.4
2015-02-02 09:00:00+00:00,1226,39416.76,813.81,26164.56
2015-03-02 09:00:00+00:00,1182,38002.13,767.03,24660.55
2015-03-30 09:00:00+00:00,1129,36298.14,759.76,24426.82
2015-04-01 09:00:00+00:00,1136,36523.2,769.65,24744.79
2015-04-30 09:00:00+00:00,1154,37101.91,746.44,23998.57
2015-05-01 09:00:00+00:00,1139,36619.65,743.72,23911.12
2015-06-01 09:00:00+00:00,1107,35590.82,726.38,23353.63
2015-06-30 09:00:00+00:00,1083,34819.21,688.71,22142.51
2015-07-01 09:00:00+00:00,1085,34883.51,692.41,22261.47
2015-07-30 09:00:00+00:00,985,31668.44,631.21,20293.84
2015-08-03 09:00:00+00:00,977,31411.23,625.68,20116.05
2015-09-01 09:00:00+00:00,1008,32407.91,657.53,21140.05
2015-09-30 09:00:00+00:00,924,29707.25,609.3,19589.42
2015-10-30 09:00:00+00:00,994,31957.8,648.19,20839.76
2015-11-02 09:00:00+00:00,974,31314.78,629.4,20235.65
2015-11-30 09:00:00+00:00,829,26652.93,552.3,17756.83
2015-12-01 09:00:00+00:00,842,27070.89,557.99,17939.77
2015-12-30 09:00:00+00:00,888,28549.82,599.19,19264.38
2016-01-04 09:00:00+00:00,878,28228.31,594.25,19105.55
2016-02-01 09:00:00+00:00,865,27810.36,605.11,19454.71
2016-03-01 09:00:00+00:00,938,30157.36,672.16,21610.41
2016-03-30 09:00:00+00:00,970,31186.18,673.38,21649.64
2016-04-01 09:00:00+00:00,982,31571.99,685.75,22047.34
2016-05-03 09:00:00+00:00,1084,34851.36,737.16,23700.21
2016-05-31 09:00:00+00:00,977,31411.23,668.72,21499.82
2016-06-01 09:00:00+00:00,974,31314.78,673.35,21648.67
2016-06-30 09:00:00+00:00,1004,32279.3,745.36,23963.85
2016-07-01 09:00:00+00:00,1033,33211.67,776.69,24971.13
2016-08-01 09:00:00+00:00,1150,36973.31,870.55,27988.79
2016-08-30 09:00:00+00:00,1076,34594.15,823.26,26468.39
2016-09-01 09:00:00+00:00,1051,33790.39,792.61,25482.97
2016-09-30 09:00:00+00:00,1031,33147.37,794.91,25556.91
2016-10-03 09:00:00+00:00,1020,32793.71,792.54,25480.72
2016-10-31 09:00:00+00:00,979,31475.54,804.77,25873.92
2016-11-01 09:00:00+00:00,983,31604.14,803.1,25820.23
2016-11-30 09:00:00+00:00,918,29514.34,735.28,23639.77
2016-12-01 09:00:00+00:00,903,29032.08,721.25,23188.69
2016-12-30 09:00:00+00:00,907,29160.68,737.1,23698.28
2017-01-03 09:00:00+00:00,906,29128.53,737.79,23720.46
2017-01-30 09:00:00+00:00,978,31443.38,780.84,25104.55
2017-02-01 09:00:00+00:00,996,32022.1,789.54,25384.26
2017-03-01 09:00:00+00:00,1027,33018.77,829.56,26670.93
2017-03-30 09:00:00+00:00,956,30736.07,770.04,24757.33
2017-04-03 09:00:00+00:00,953,30639.62,762.1,24502.05
2017-05-02 09:00:00+00:00,935,30060.9,725.65,23330.16
2017-05-30 09:00:00+00:00,946,30414.56,735.9,23659.7
2017-06-01 09:00:00+00:00,943,30318.11,732.43,23548.14
2017-06-30 09:00:00+00:00,921,29610.79,709.01,22795.17
2017-07-03 09:00:00+00:00,919,29546.49,708.56,22780.7
2017-07-31 09:00:00+00:00,935,30060.9,713.47,22938.56
2017-08-01 09:00:00+00:00,943,30318.11,712.77,22916.05
2017-08-30 09:00:00+00:00,991,31861.34,767.62,24679.52
2017-09-01 09:00:00+00:00,997,32054.25,771.37,24800.09
2017-09-30 09:00:00+00:00,920,29578.64,686.31,22065.35
2017-10-02 09:00:00+00:00,913,29353.59,686.21,22062.13
2017-10-30 09:00:00+00:00,919,29546.49,698.33,22451.8
2017-11-01 09:00:00+00:00,927,29803.7,696.99,22408.72
2017-11-30 09:00:00+00:00,941,30253.81,699.11,22476.88
2017-12-01 09:00:00+00:00,941,30253.81,697.3,22418.68
2017-12-31 09:00:00+00:00,927,29803.7,686.16,22060.52
2018-01-02 09:00:00+00:00,937,30125.21,690.75,22208.1
2018-01-30 09:00:00+00:00,998,32086.4,711.08,22861.72
2018-02-01 09:00:00+00:00,997,32054.25,699.65,22494.24
2018-03-01 09:00:00+00:00,972,31250.48,707.17,22736.01
2018-03-31 09:00:00+00:00,936,30093.06,665.48,21395.65
2018-04-03 09:00:00+00:00,934,30028.75,663.35,21327.17
2018-04-30 09:00:00+00:00,907,29160.68,659.88,21215.6
2018-05-01 09:00:00+00:00,900,28935.63,657.65,21143.91
2018-05-30 09:00:00+00:00,906,29128.53,683.26,21967.29
2018-06-01 09:00:00+00:00,910,29257.14,684.73,22014.55
2018-06-30 09:00:00+00:00,851,27360.25,647.64,20822.08
2018-07-02 09:00:00+00:00,842,27070.89,639.33,20554.91
2018-07-30 09:00:00+00:00,824,26492.18,628.05,20192.25
2018-08-01 09:00:00+00:00,830,26685.08,633.1,20354.61
2018-08-30 09:00:00+00:00,791,25431.2,608.46,19562.41
2018-09-03 09:00:00+00:00,787,25302.6,610.31,19621.89
2018-10-01 09:00:00+00:00,813,26138.52,622.99,20029.56
2018-10-30 09:00:00+00:00,833,26781.53,652.31,20972.22
2018-11-01 09:00:00+00:00,848,27263.79,657.36,21134.58
2018-11-30 09:00:00+00:00,810,26042.07,633.8,20377.11
2018-12-03 09:00:00+00:00,811,26074.22,634.59,20402.51
2018-12-31 09:00:00+00:00,794,25527.66,623.23,20037.28
2019-01-02 09:00:00+00:00,796,25591.96,627.27,20167.17
2019-01-30 09:00:00+00:00,816,26234.97,622.19,20003.84
2019-02-01 09:00:00+00:00,822,26427.88,628.44,20204.79
2019-03-01 09:00:00+00:00,862,27713.9,651.06,20932.03
2019-04-01 09:00:00+00:00,848,27263.79,648.32,20843.94
2019-04-30 09:00:00+00:00,898,28871.33,692.1,22251.5
2019-05-01 09:00:00+00:00,881,28324.77,674.06,21671.5
2019-05-30 09:00:00+00:00,792,25463.35,626.83,20153.02
2019-06-03 09:00:00+00:00,797,25624.11,630.04,20256.23
2019-07-01 09:00:00+00:00,833,26781.53,658.76,21179.6
2019-07-30 09:00:00+00:00,881,28324.77,723.91,23274.21
2019-08-01 09:00:00+00:00,852,27392.4,703.26,22610.3
2019-08-30 09:00:00+00:00,935,30060.9,768.28,24700.74
2019-09-02 09:00:00+00:00,936,30093.06,773.87,24880.46
2019-09-30 09:00:00+00:00,925,29739.4,750.81,24139.07
2019-10-01 09:00:00+00:00,881,28324.77,716.84,23046.91
2019-10-30 09:00:00+00:00,921,29610.79,715.06,22989.68
2019-11-01 09:00:00+00:00,932,29964.45,719.97,23147.54
2019-12-02 09:00:00+00:00,895,28774.88,693.26,22288.79
2020-01-02 09:00:00+00:00,981,31539.84,742.34,23866.75
2020-01-30 09:00:00+00:00,971,31218.33,746.64,24005
2020-02-03 09:00:00+00:00,952,30607.47,726.72,23364.56
2020-03-01 00:00:00+00:00,885.24,28461.09,692.89,22276.9
2020-03-30 00:00:00+00:00,752.65,24198.22,604.62,19438.96
2020-04-01 00:00:00+00:00,725.33,23319.87,584.76,18800.44
2020-04-30 00:00:00+00:00,788.3,25344.4,632.3,20328.89
2020-05-01 00:00:00+00:00,782.8,25167.57,622.36,20009.31
2020-05-30 00:00:00+00:00,861.59,27700.72,698.18,22446.98
2020-06-01 00:00:00+00:00,859.07,27619.7,696.03,22377.85
2020-06-30 00:00:00+00:00,825.66,26545.55,670.81,21567.01
2020-07-01 00:00:00+00:00,838.6,26961.58,677.11,21769.56
2020-07-30 00:00:00+00:00,941.46,30268.6,725.54,23326.62
2020-08-01 00:00:00+00:00,929.89,29896.61,710.8,22852.72
2020-08-30 00:00:00+00:00,935.8,30086.63,707.12,22734.4
2020-09-01 00:00:00+00:00,939.61,30209.12,703.26,22610.3
2020-09-30 00:00:00+00:00,890.69,28636.31,692.52,22265
2020-10-01 00:00:00+00:00,901.04,28969.07,697.74,22432.83
2020-10-30 00:00:00+00:00,856.93,27550.9,662.83,21310.45
2020-11-01 00:00:10+00:00,857.56,27571.15,661.98,21283.12
2020-11-30 00:00:00+00:00,975.44,31361.08,737.48,23710.5
2020-12-01 00:00:00+00:00,974.76,31339.22,731.1,23505.38
2020-12-30 00:00:10+00:00,1059.67,34069.13,785.26,25246.66
2021-01-01 00:00:10+00:00,1082.02,34787.7,792.65,25484.25
2021-01-30 00:00:00+00:00,1087.25,34955.85,794.33,25538.27
2021-02-01 00:00:10+00:00,1098.89,35330.08,802.41,25798.04
2021-03-01 00:00:20+00:00,1210.17,38907.81,866.22,27849.58
2021-03-30 00:00:20+00:00,1182.8,38027.85,858.87,27613.27
2021-04-01 00:00:20+00:00,1194.11,38391.47,866.38,27854.72
2021-04-30 00:00:10+00:00,1214.22,39038.02,870.55,27988.79
2021-05-01 00:00:10+00:00,1214.87,39058.92,880.34,28303.55
2021-05-30 00:00:10+00:00,1193.58,38374.43,842.52,27087.61
2021-06-01 00:00:10+00:00,1201.86,38640.64,846.15,27204.31
2021-06-30 00:00:10+00:00,1077.19,34632.41,778.48,25028.68
2021-07-01 00:00:10+00:00,1073.84,34524.71,776.7,24971.45
2021-07-30 00:00:00+00:00,1064.07,34210.6,762.19,24504.94
2021-08-01 00:00:00+00:00,1060.18,34085.53,764.28,24572.14
2021-08-30 00:00:13+00:00,1019.68,32783.43,741.39,23836.21
2021-09-01 00:00:10+00:00,1019.76,32786,742.63,23876.07
2021-09-30 00:00:10+00:00,961.38,30909.04,716.2,23026.33
2021-10-01 00:00:10+00:00,967.4,31102.59,719.62,23136.29
2021-10-30 00:00:10+00:00,1042.29,33510.35,756.13,24310.11
2021-11-01 00:00:13+00:00,1025,32954.47,749.71,24103.7
2021-11-30 00:00:10+00:00,972.14,31254.98,730.1,23473.23
2021-12-01 00:00:10+00:00,943.58,30336.76,709.59,22813.82
2021-12-30 00:00:00+00:00,972.82,31276.84,721.82,23207.02
2022-01-01 00:00:10+00:00,1017.09,32700.16,725.76,23333.69
2022-01-30 00:00:13+00:00,1018.05,32731.02,759.27,24411.06
2022-02-01 00:00:10+00:00,1026.37,32998.51,763.58,24549.63
2022-03-01 00:00:10+00:00,1049.66,33747.3,783.22,25181.07
2022-03-30 00:00:03+00:00,990.46,31843.98,757.76,24362.51
2022-04-01 00:00:10+00:00,989.76,31821.48,753.8,24235.2
2022-04-30 00:00:13+00:00,946.53,30431.6,762.07,24501.08
2022-05-01 00:00:10+00:00,947.84,30473.72,754.26,24249.99
2022-05-30 00:00:00+00:00,959.56,30850.53,760.04,24435.82
2022-06-01 00:00:01+00:00,971.71,31241.16,770.63,24776.29
2022-06-30 00:04:03+00:00,924.47,29722.36,762.48,24514.27
2022-07-01 00:00:10+00:00,901.96,28998.65,741.69,23845.85
2022-07-30 00:00:10+00:00,908.43,29206.66,751.43,24159
2022-08-01 00:00:10+00:00,897.72,28862.33,737.79,23720.46
2022-08-30 00:00:10+00:00,872.61,28055.02,744.47,23935.23
2022-09-01 00:03:25+00:00,847.23,27239.04,730.82,23496.37
2022-09-30 00:00:10+00:00,874.01,28100.03,782.45,25156.32
2022-10-01 00:00:10+00:00,871.83,28029.94,782.33,25152.46
2022-10-30 00:00:10+00:00,957.87,30796.19,822.46,26442.66
2022-11-01 00:00:10+00:00,933.35,30007.86,813.93,26168.42
2022-11-30 00:00:15+00:00,1009.18,32445.84,844.8,27160.91
2022-12-01 00:00:27+00:00,1047,33661.78,867.1,27877.87
2022-12-30 00:00:20+00:00,1057.61,34002.9,877.32,28206.45
2023-01-01 00:00:25+00:00,1083.24,34826.92,897.69,28861.36
2023-01-30 00:00:21+00:00,1023,32890.17,825.02,26524.97
2023-02-01 00:00:23+00:00,1015.23,32640.36,824.85,26519.5
2023-03-01 00:00:23+00:00,955.18,30709.71,793.84,25522.51
2023-03-30 00:00:28+00:00,970.64,31206.76,788.52,25351.47
2023-04-01 00:00:10+00:00,1001,32182.85,810.81,26068.11
2023-04-30 00:00:27+00:00,1086.09,34918.55,860.86,27677.25
2023-05-01 00:02:34+00:00,1075.1,34565.22,856.12,27524.86
2023-05-30 00:00:21+00:00,1031.49,33163.13,836.54,26895.35
2023-06-01 00:00:28+00:00,1002.12,32218.86,806.44,25927.61
2023-06-30 00:00:28+00:00,904.26,29072.59,716.78,23044.98
2023-07-01 00:00:19+00:00,916.79,29475.44,722,23212.81
2023-07-30 00:00:21+00:00,949.94,30541.24,739.43,23773.19
2023-08-01 00:00:28+00:00,955.65,30724.82,744.69,23942.3
2023-08-30 00:00:29+00:00,982.11,31575.52,777.35,24992.35
2023-09-01 00:00:15+00:00,973.91,31311.89,768.67,24713.28
2023-09-30 00:00:25+00:00,918.62,29534.28,753.1,24212.69
2023-10-01 00:00:26+00:00,918.62,29534.28,753.1,24212.69
2023-10-30 00:00:22+00:00,906.63,29148.79,748.53,24065.76
2023-11-01 02:10:00+00:00,934.47,30043.86,770.01,24756.36
2023-11-30 00:00:21+00:00,935.86,30088.55,737.19,23701.17
2023-12-01 00:00:21+00:00,934.11,30032.29,739.42,23772.87
2023-12-30 00:00:26+00:00,1001.3,32192.5,786.49,25286.2
2024-01-01 00:00:23+00:00,1001.3,32192.5,786.49,25286.2
2024-01-30 00:00:21+00:00,933.06,29998.53,734.03,23599.58
2024-02-01 00:00:19+00:00,924.28,29716.25,728.93,23435.61
2024-03-01 00:00:26+00:00,882.86,28384.57,699.33,22483.95
2024-03-30 00:00:27+00:00,920.15,29583.47,728.97,23436.9
2024-04-01 00:00:27+00:00,914.55,29403.42,723.84,23271.96
2024-04-30 00:00:27+00:00,954.28,30680.77,759.81,24428.42
2024-05-01 00:00:28+00:00,939.45,30203.98,752.21,24184.08
2024-05-30 00:00:21+00:00,1041.04,33470.16,819.96,26362.29
2024-05-31 14:03:18+00:00,1041.99,33500.71,,
2024-05-31 14:21:11+00:00,,,,
2024-05-31 14:31:32+00:00,,,815.11,26206.36
