Date,silver_oz_usd_price,silver_kg_usd_price,silver_oz_gbp_price,silver_kg_gbp_price
1968-01-02 09:00:00+00:00,2.17,69.77,0.9,28.94
1968-01-30 09:00:00+00:00,2.02,64.94,0.84,27.01
1968-02-01 09:00:00+00:00,2,64.3,0.83,26.69
1968-03-01 09:00:00+00:00,2.2,70.73,0.92,29.58
1968-04-01 09:00:00+00:00,2.26,72.66,0.94,30.22
1968-04-30 09:00:00+00:00,2.4,77.16,1,32.15
1968-05-01 09:00:00+00:00,2.36,75.88,0.98,31.51
1968-05-30 09:00:00+00:00,2.48,79.73,1.04,33.44
1968-06-04 09:00:00+00:00,2.43,78.13,1.02,32.79
1968-07-01 09:00:00+00:00,2.51,80.7,1.05,33.76
1968-07-30 09:00:00+00:00,2.24,72.02,0.93,29.9
1968-08-01 09:00:00+00:00,2.22,71.37,0.93,29.9
1968-08-30 09:00:00+00:00,2.24,72.02,0.94,30.22
1968-09-03 09:00:00+00:00,2.24,72.02,0.94,30.22
1968-09-30 09:00:00+00:00,2.17,69.77,0.91,29.26
1968-10-01 09:00:00+00:00,2.14,68.8,0.9,28.94
1968-10-30 09:00:00+00:00,1.96,63.02,0.82,26.36
1968-11-01 09:00:00+00:00,1.9,61.09,0.8,25.72
1968-12-02 09:00:00+00:00,1.94,62.37,0.81,26.04
1968-12-30 09:00:00+00:00,1.97,63.34,0.82,26.36
1969-01-02 09:00:00+00:00,1.96,63.02,0.82,26.36
1969-01-30 09:00:00+00:00,2,64.3,0.84,27.01
1969-02-03 09:00:00+00:00,1.99,63.98,0.83,26.69
1969-03-03 09:00:00+00:00,1.82,58.51,0.76,24.43
1969-03-31 09:00:00+00:00,1.82,58.51,0.76,24.43
1969-04-01 09:00:00+00:00,1.81,58.19,0.76,24.43
1969-04-30 09:00:00+00:00,1.78,57.23,0.74,23.79
1969-05-01 09:00:00+00:00,1.78,57.23,0.75,24.11
1969-05-30 09:00:00+00:00,1.77,56.91,0.74,23.79
1969-06-02 09:00:00+00:00,1.77,56.91,0.74,23.79
1969-06-30 09:00:00+00:00,1.56,50.16,0.65,20.9
1969-07-01 09:00:00+00:00,1.6,51.44,0.67,21.54
1969-07-30 09:00:00+00:00,1.62,52.08,0.68,21.86
1969-08-01 09:00:00+00:00,1.61,51.76,0.68,21.86
1969-09-02 09:00:00+00:00,1.69,54.33,0.71,22.83
1969-09-30 09:00:00+00:00,1.88,60.44,0.79,25.4
1969-10-01 09:00:00+00:00,1.86,59.8,0.78,25.08
1969-10-30 09:00:00+00:00,1.93,62.05,0.81,26.04
1969-11-03 09:00:00+00:00,2,64.3,0.83,26.69
1969-12-01 09:00:00+00:00,1.91,61.41,0.8,25.72
1969-12-30 09:00:00+00:00,1.8,57.87,0.75,24.11
1970-01-02 09:00:00+00:00,1.8,57.87,0.75,24.11
1970-01-30 09:00:00+00:00,1.91,61.41,0.8,25.72
1970-02-02 09:00:00+00:00,1.89,60.76,0.79,25.4
1970-03-02 09:00:00+00:00,1.89,60.76,0.79,25.4
1970-03-31 09:00:00+00:00,1.88,60.44,0.78,25.08
1970-04-01 09:00:00+00:00,1.88,60.44,0.78,25.08
1970-04-30 09:00:00+00:00,1.72,55.3,0.72,23.15
1970-05-01 09:00:00+00:00,1.73,55.62,0.72,23.15
1970-06-01 09:00:00+00:00,1.65,53.05,0.69,22.18
1970-06-30 09:00:00+00:00,1.61,51.76,0.67,21.54
1970-07-01 09:00:00+00:00,1.62,52.08,0.68,21.86
1970-07-30 09:00:00+00:00,1.77,56.91,0.74,23.79
1970-08-03 09:00:00+00:00,1.78,57.23,0.75,24.11
1970-09-01 09:00:00+00:00,1.85,59.48,0.78,25.08
1970-09-30 09:00:00+00:00,1.7,54.66,0.71,22.83
1970-10-01 09:00:00+00:00,1.72,55.3,0.72,23.15
1970-10-30 09:00:00+00:00,1.78,57.23,0.75,24.11
1970-11-02 09:00:00+00:00,1.8,57.87,0.75,24.11
1970-11-30 09:00:00+00:00,1.65,53.05,0.69,22.18
1970-12-01 09:00:00+00:00,1.61,51.76,0.67,21.54
1970-12-30 09:00:00+00:00,1.64,52.73,0.68,21.86
1971-01-04 09:00:00+00:00,1.65,53.05,0.69,22.18
1971-02-01 09:00:00+00:00,1.59,51.12,0.66,21.22
1971-03-01 09:00:00+00:00,1.6,51.44,0.66,21.22
1971-03-30 09:00:00+00:00,1.69,54.33,0.7,22.51
1971-04-01 09:00:00+00:00,1.71,54.98,0.71,22.83
1971-04-30 09:00:00+00:00,1.69,54.33,0.7,22.51
1971-05-03 09:00:00+00:00,1.68,54.01,0.69,22.18
1971-06-01 09:00:00+00:00,1.61,51.76,0.67,21.54
1971-06-30 09:00:00+00:00,1.58,50.8,0.65,20.9
1971-07-01 09:00:00+00:00,1.6,51.44,0.66,21.22
1971-07-30 09:00:00+00:00,1.59,51.12,0.66,21.22
1971-08-02 09:00:00+00:00,1.58,50.8,0.65,20.9
1971-08-31 09:00:00+00:00,1.5,48.23,0.61,19.61
1971-09-01 09:00:00+00:00,1.48,47.58,0.6,19.29
1971-09-30 09:00:00+00:00,1.38,44.37,0.55,17.68
1971-10-01 09:00:00+00:00,1.38,44.37,0.56,18
1971-11-01 09:00:00+00:00,1.29,41.47,0.52,16.72
1971-11-02 09:00:00+00:00,1.27,40.83,0.51,16.4
1971-11-30 09:00:00+00:00,1.33,42.76,0.53,17.04
1971-12-01 09:00:00+00:00,1.32,42.44,0.53,17.04
1971-12-30 09:00:00+00:00,1.38,44.37,0.54,17.36
1972-01-03 09:00:00+00:00,1.37,44.05,0.54,17.36
1972-01-31 09:00:00+00:00,1.5,48.23,0.58,18.65
1972-02-01 09:00:00+00:00,1.53,49.19,0.59,18.97
1972-03-01 09:00:00+00:00,1.48,47.58,0.57,18.33
1972-03-30 09:00:00+00:00,1.56,50.16,0.6,19.29
1972-04-04 09:00:00+00:00,1.6,51.44,0.61,19.61
1972-05-01 09:00:00+00:00,1.6,51.44,0.61,19.61
1972-05-30 09:00:00+00:00,1.57,50.48,0.6,19.29
1972-06-01 09:00:00+00:00,1.54,49.51,0.59,18.97
1972-06-30 09:00:00+00:00,1.56,50.16,0.64,20.58
1972-07-03 09:00:00+00:00,1.56,50.16,0.64,20.58
1972-07-31 09:00:00+00:00,1.83,58.84,0.75,24.11
1972-08-01 09:00:00+00:00,1.79,57.55,0.73,23.47
1972-08-30 09:00:00+00:00,1.9,61.09,0.78,25.08
1972-09-01 09:00:00+00:00,1.9,61.09,0.78,25.08
1972-10-02 09:00:00+00:00,1.74,55.94,0.72,23.15
1972-10-30 09:00:00+00:00,1.82,58.51,0.78,25.08
1972-11-01 09:00:00+00:00,1.83,58.84,0.78,25.08
1972-11-30 09:00:00+00:00,1.85,59.48,0.79,25.4
1972-12-01 09:00:00+00:00,1.87,60.12,0.8,25.72
1973-01-02 09:00:00+00:00,2.04,65.59,0.87,27.97
1973-01-30 09:00:00+00:00,1.98,63.66,0.83,26.69
1973-02-01 09:00:00+00:00,2.03,65.27,0.85,27.33
1973-03-01 09:00:00+00:00,2.49,80.06,1,32.15
1973-03-30 09:00:00+00:00,2.2,70.73,0.89,28.61
1973-04-02 09:00:00+00:00,2.17,69.77,0.88,28.29
1973-04-30 09:00:00+00:00,2.15,69.12,0.86,27.65
1973-05-01 09:00:00+00:00,2.15,69.12,0.86,27.65
1973-05-30 09:00:00+00:00,2.54,81.66,0.99,31.83
1973-06-01 09:00:00+00:00,2.61,83.91,1.01,32.47
1973-07-02 09:00:00+00:00,2.7,86.81,1.04,33.44
1973-07-30 09:00:00+00:00,2.77,89.06,1.1,35.37
1973-08-01 09:00:00+00:00,2.92,93.88,1.16,37.29
1973-08-30 09:00:00+00:00,2.63,84.56,1.07,34.4
1973-09-03 09:00:00+00:00,2.61,83.91,1.06,34.08
1973-10-01 09:00:00+00:00,2.71,87.13,1.12,36.01
1973-10-30 09:00:00+00:00,2.83,90.99,1.16,37.29
1973-11-01 09:00:00+00:00,2.84,91.31,1.16,37.29
1973-11-30 09:00:00+00:00,2.92,93.88,1.25,40.19
1973-12-03 09:00:00+00:00,2.92,93.88,1.25,40.19
1973-12-31 09:00:00+00:00,3.26,104.81,1.4,45.01
1974-01-02 09:00:00+00:00,3.28,105.45,1.42,45.65
1974-01-30 09:00:00+00:00,3.91,125.71,1.75,56.26
1974-02-01 09:00:00+00:00,4.04,129.89,1.77,56.91
1974-03-01 09:00:00+00:00,5.73,184.22,2.53,81.34
1974-04-01 09:00:00+00:00,5.32,171.04,2.22,71.37
1974-04-30 09:00:00+00:00,5.62,180.69,2.31,74.27
1974-05-01 09:00:00+00:00,5.4,173.61,2.23,71.7
1974-05-30 09:00:00+00:00,5.08,163.33,2.12,68.16
1974-06-03 09:00:00+00:00,4.74,152.39,1.98,63.66
1974-07-01 09:00:00+00:00,4.69,150.79,1.96,63.02
1974-07-30 09:00:00+00:00,5.03,161.72,2.11,67.84
1974-08-01 09:00:00+00:00,4.95,159.15,2.08,66.87
1974-08-30 09:00:00+00:00,4.12,132.46,1.78,57.23
1974-09-02 09:00:00+00:00,4.23,136,1.83,58.84
1974-09-30 09:00:00+00:00,4.24,136.32,1.82,58.51
1974-10-01 09:00:00+00:00,4.43,142.43,1.9,61.09
1974-10-30 09:00:00+00:00,5.07,163,2.17,69.77
1974-11-01 09:00:00+00:00,4.89,157.22,2.09,67.19
1974-12-02 09:00:00+00:00,4.61,148.21,1.99,63.98
1974-12-30 09:00:00+00:00,4.75,152.72,2.03,65.27
1975-01-02 09:00:00+00:00,4.44,142.75,1.9,61.09
1975-01-30 09:00:00+00:00,4.32,138.89,1.81,58.19
1975-02-03 09:00:00+00:00,4.13,132.78,1.73,55.62
1975-03-03 09:00:00+00:00,4.5,144.68,1.85,59.48
1975-04-01 09:00:00+00:00,4.28,137.6,1.78,57.23
1975-04-30 09:00:00+00:00,4.43,142.43,1.88,60.44
1975-05-01 09:00:00+00:00,4.3,138.25,1.83,58.84
1975-05-30 09:00:00+00:00,4.53,145.64,1.96,63.02
1975-06-02 09:00:00+00:00,4.43,142.43,1.91,61.41
1975-06-30 09:00:00+00:00,4.57,146.93,2.08,66.87
1975-07-01 09:00:00+00:00,4.58,147.25,2.1,67.52
1975-07-30 09:00:00+00:00,5.14,165.25,2.37,76.2
1975-08-01 09:00:00+00:00,5,160.75,2.33,74.91
1975-09-01 09:00:00+00:00,4.53,145.64,2.15,69.12
1975-09-30 09:00:00+00:00,4.44,142.75,2.18,70.09
1975-10-01 09:00:00+00:00,4.5,144.68,2.22,71.37
1975-10-30 09:00:00+00:00,4.24,136.32,2.04,65.59
1975-11-03 09:00:00+00:00,4.2,135.03,2.02,64.94
1975-12-01 09:00:00+00:00,4.12,132.46,2.04,65.59
1975-12-30 09:00:00+00:00,4.17,134.07,2.06,66.23
1976-01-02 09:00:00+00:00,4.16,133.75,2.06,66.23
1976-01-30 09:00:00+00:00,4.01,128.92,1.98,63.66
1976-02-02 09:00:00+00:00,3.99,128.28,1.97,63.34
1976-03-01 09:00:00+00:00,4.19,134.71,2.07,66.55
1976-03-30 09:00:00+00:00,4.03,129.57,2.1,67.52
1976-04-01 09:00:00+00:00,4.12,132.46,2.18,70.09
1976-04-30 09:00:00+00:00,4.43,142.43,2.4,77.16
1976-05-03 09:00:00+00:00,4.41,141.78,2.4,77.16
1976-06-01 09:00:00+00:00,4.68,150.47,2.66,85.52
1976-06-30 09:00:00+00:00,4.83,155.29,2.71,87.13
1976-07-01 09:00:00+00:00,4.82,154.97,2.7,86.81
1976-07-30 09:00:00+00:00,4.54,145.96,2.55,81.98
1976-08-02 09:00:00+00:00,4.47,143.71,2.5,80.38
1976-08-31 09:00:00+00:00,4.11,132.14,2.31,74.27
1976-09-01 09:00:00+00:00,4.09,131.5,2.3,73.95
1976-09-30 09:00:00+00:00,4.39,141.14,2.6,83.59
1976-10-01 09:00:00+00:00,4.36,140.18,2.6,83.59
1976-11-01 09:00:00+00:00,4.3,138.25,2.71,87.13
1976-11-30 09:00:00+00:00,4.28,137.6,2.6,83.59
1976-12-01 09:00:00+00:00,4.24,136.32,2.55,81.98
1976-12-30 09:00:00+00:00,4.37,140.5,2.57,82.63
1977-01-04 09:00:00+00:00,4.43,142.43,2.59,83.27
1977-01-31 09:00:00+00:00,4.45,143.07,2.59,83.27
1977-02-01 09:00:00+00:00,4.47,143.71,2.6,83.59
1977-03-01 09:00:00+00:00,4.72,151.75,2.76,88.74
1977-03-30 09:00:00+00:00,4.83,155.29,2.81,90.34
1977-04-01 09:00:00+00:00,4.84,155.61,2.81,90.34
1977-05-02 09:00:00+00:00,4.77,153.36,2.78,89.38
1977-05-30 09:00:00+00:00,4.57,146.93,2.66,85.52
1977-06-01 09:00:00+00:00,4.58,147.25,2.67,85.84
1977-06-30 09:00:00+00:00,4.51,145,2.62,84.23
1977-07-01 09:00:00+00:00,4.52,145.32,2.63,84.56
1977-08-01 09:00:00+00:00,4.51,145,2.6,83.59
1977-08-30 09:00:00+00:00,4.42,142.11,2.54,81.66
1977-09-01 09:00:00+00:00,4.47,143.71,2.57,82.63
1977-09-30 09:00:00+00:00,4.64,149.18,2.66,85.52
1977-10-03 09:00:00+00:00,4.66,149.82,2.65,85.2
1977-10-31 09:00:00+00:00,4.85,155.93,2.65,85.2
1977-11-01 09:00:00+00:00,4.88,156.9,2.63,84.56
1977-11-30 09:00:00+00:00,4.74,152.39,2.61,83.91
1977-12-01 09:00:00+00:00,4.78,153.68,2.63,84.56
1977-12-30 09:00:00+00:00,4.76,153.04,2.5,80.38
1978-01-03 09:00:00+00:00,4.87,156.57,2.5,80.38
1978-01-30 09:00:00+00:00,4.96,159.47,2.54,81.66
1978-02-01 09:00:00+00:00,5,160.75,2.57,82.63
1978-03-01 09:00:00+00:00,5.01,161.08,2.57,82.63
1978-03-30 09:00:00+00:00,5.29,170.08,2.82,90.66
1978-04-03 09:00:00+00:00,5.42,174.26,2.89,92.92
1978-05-02 09:00:00+00:00,4.98,160.11,2.72,87.45
1978-05-30 09:00:00+00:00,5.36,172.33,2.95,94.84
1978-06-01 09:00:00+00:00,5.4,173.61,2.95,94.84
1978-06-30 09:00:00+00:00,5.28,169.76,2.84,91.31
1978-07-03 09:00:00+00:00,5.27,169.43,2.83,90.99
1978-07-31 09:00:00+00:00,5.57,179.08,2.88,92.59
1978-08-01 09:00:00+00:00,5.72,183.9,2.96,95.17
1978-08-30 09:00:00+00:00,5.53,177.79,2.84,91.31
1978-09-01 09:00:00+00:00,5.52,177.47,2.84,91.31
1978-10-02 09:00:00+00:00,5.67,182.29,2.88,92.59
1978-10-30 09:00:00+00:00,6.25,200.94,2.98,95.81
1978-11-01 09:00:00+00:00,6.13,197.08,2.99,96.13
1978-11-30 09:00:00+00:00,5.91,190.01,3.03,97.42
1978-12-01 09:00:00+00:00,5.95,191.3,3.07,98.7
1979-01-02 09:00:00+00:00,6.08,195.48,2.97,95.49
1979-01-30 09:00:00+00:00,6.6,212.19,3.3,106.1
1979-02-01 09:00:00+00:00,6.64,213.48,3.35,107.7
1979-03-01 09:00:00+00:00,7.62,244.99,3.77,121.21
1979-03-30 09:00:00+00:00,7.45,239.52,3.61,116.06
1979-04-02 09:00:00+00:00,7.46,239.84,3.6,115.74
1979-04-30 09:00:00+00:00,7.65,245.95,3.72,119.6
1979-05-01 09:00:00+00:00,8.02,257.85,3.88,124.74
1979-05-30 09:00:00+00:00,8.67,278.75,4.21,135.35
1979-06-01 09:00:00+00:00,8.63,277.46,4.16,133.75
1979-07-02 09:00:00+00:00,8.7,279.71,3.97,127.64
1979-07-30 09:00:00+00:00,9.33,299.97,4.02,129.25
1979-08-01 09:00:00+00:00,9.1,292.57,4.05,130.21
1979-08-30 09:00:00+00:00,10.39,334.05,4.62,148.54
1979-09-03 09:00:00+00:00,10.9,350.44,4.84,155.61
1979-10-01 09:00:00+00:00,17.09,549.46,7.79,250.45
1979-10-30 09:00:00+00:00,16.01,514.73,7.72,248.2
1979-11-01 09:00:00+00:00,16.32,524.7,7.86,252.7
1979-11-30 09:00:00+00:00,19,610.86,8.66,278.43
1979-12-03 09:00:00+00:00,19.88,639.16,8.98,288.71
1979-12-31 09:00:00+00:00,32.2,1035.25,14.47,465.22
1980-01-02 09:00:00+00:00,39.95,1284.42,17.94,576.78
1980-01-18 09:00:00+00:00,49.45,1589.85,,
1980-01-30 09:00:00+00:00,37.35,1200.83,16.49,530.17
1980-02-01 09:00:00+00:00,35.31,1135.24,15.55,499.94
1980-03-03 09:00:00+00:00,34.75,1117.24,15.35,493.51
1980-03-31 09:00:00+00:00,13.49,433.71,6.22,199.98
1980-04-01 09:00:00+00:00,16.99,546.24,7.94,255.28
1980-04-30 09:00:00+00:00,13.83,444.64,6.1,196.12
1980-05-01 09:00:00+00:00,12,385.81,5.3,170.4
1980-05-30 09:00:00+00:00,13.7,440.46,5.88,189.05
1980-06-02 09:00:00+00:00,14.65,471.01,6.22,199.98
1980-06-30 09:00:00+00:00,16.75,538.52,7.09,227.95
1980-07-01 09:00:00+00:00,17.1,549.78,7.24,232.77
1980-07-30 09:00:00+00:00,16.28,523.41,6.88,221.2
1980-08-01 09:00:00+00:00,15.61,501.87,6.69,215.09
1980-09-01 09:00:00+00:00,15.99,514.09,6.66,214.12
1980-09-30 09:00:00+00:00,20.5,659.09,8.58,275.85
1980-10-01 09:00:00+00:00,21.75,699.28,9.09,292.25
1980-10-30 09:00:00+00:00,19.45,625.33,7.96,255.92
1980-11-03 09:00:00+00:00,18.83,605.4,7.7,247.56
1980-12-01 09:00:00+00:00,18.9,607.65,8.04,258.49
1980-12-30 09:00:00+00:00,15.59,501.23,6.55,210.59
1981-01-05 09:00:00+00:00,15.8,507.98,6.58,211.55
1981-01-30 09:00:00+00:00,13.15,422.78,5.52,177.47
1981-02-02 09:00:00+00:00,12.86,413.46,5.46,175.54
1981-03-02 09:00:00+00:00,11.6,372.95,5.33,171.36
1981-03-30 09:00:00+00:00,12.53,402.85,5.59,179.72
1981-04-01 09:00:00+00:00,12.03,386.77,5.37,172.65
1981-04-30 09:00:00+00:00,11.06,355.59,5.17,166.22
1981-05-01 09:00:00+00:00,11.13,357.84,5.2,167.18
1981-06-01 09:00:00+00:00,10.67,343.05,5.17,166.22
1981-06-30 09:00:00+00:00,8.3,266.85,4.28,137.6
1981-07-01 09:00:00+00:00,8.45,271.67,4.42,142.11
1981-07-30 09:00:00+00:00,8.41,270.39,4.55,146.29
1981-08-03 09:00:00+00:00,8.24,264.92,4.52,145.32
1981-09-01 09:00:00+00:00,9.15,294.18,4.99,160.43
1981-09-30 09:00:00+00:00,8.95,287.75,4.97,159.79
1981-10-01 09:00:00+00:00,9.32,299.64,5.1,163.97
1981-10-30 09:00:00+00:00,9.12,293.21,4.94,158.82
1981-11-02 09:00:00+00:00,9.17,294.82,4.89,157.22
1981-11-30 09:00:00+00:00,8.27,265.89,4.2,135.03
1981-12-01 09:00:00+00:00,8.07,259.46,4.13,132.78
1981-12-30 09:00:00+00:00,8.05,258.81,4.24,136.32
1982-01-04 09:00:00+00:00,8.06,259.13,4.14,133.1
1982-02-01 09:00:00+00:00,8.12,261.06,4.34,139.53
1982-03-01 09:00:00+00:00,7.74,248.85,4.25,136.64
1982-03-30 09:00:00+00:00,7.08,227.63,3.97,127.64
1982-04-01 09:00:00+00:00,7.11,228.59,3.98,127.96
1982-04-30 09:00:00+00:00,7.06,226.98,3.94,126.67
1982-05-04 09:00:00+00:00,6.9,221.84,3.82,122.82
1982-06-01 09:00:00+00:00,6.1,196.12,3.42,109.96
1982-06-30 09:00:00+00:00,5.73,184.22,3.3,106.1
1982-07-01 09:00:00+00:00,5.71,183.58,3.29,105.78
1982-07-30 09:00:00+00:00,6.64,213.48,3.81,122.49
1982-08-02 09:00:00+00:00,6.89,221.52,3.93,126.35
1982-08-31 09:00:00+00:00,7.73,248.52,4.5,144.68
1982-09-01 09:00:00+00:00,7.69,247.24,4.48,144.04
1982-09-30 09:00:00+00:00,8.19,263.31,4.84,155.61
1982-10-01 09:00:00+00:00,8.23,264.6,4.85,155.93
1982-11-01 09:00:00+00:00,10.18,327.29,6.06,194.83
1982-11-30 09:00:00+00:00,9.54,306.72,5.91,190.01
1982-12-01 09:00:00+00:00,10.14,326.01,6.21,199.66
1982-12-30 09:00:00+00:00,11.06,355.59,6.82,219.27
1983-01-04 09:00:00+00:00,11.06,355.59,6.8,218.62
1983-01-31 09:00:00+00:00,13.82,444.32,9.02,290
1983-02-01 09:00:00+00:00,14.3,459.76,9.4,302.22
1983-03-01 09:00:00+00:00,10.68,343.37,7.08,227.63
1983-03-30 09:00:00+00:00,10.65,342.4,7.31,235.02
1983-04-05 09:00:00+00:00,10.98,353.01,7.31,235.02
1983-05-03 09:00:00+00:00,12.12,389.67,7.67,246.6
1983-05-31 09:00:00+00:00,13.54,435.32,8.42,270.71
1983-06-01 09:00:00+00:00,12.74,409.6,7.99,256.88
1983-06-30 09:00:00+00:00,11.6,372.95,7.58,243.7
1983-07-01 09:00:00+00:00,11.56,371.66,7.53,242.09
1983-08-01 09:00:00+00:00,11.8,379.38,7.8,250.78
1983-08-30 09:00:00+00:00,12.27,394.49,8.18,262.99
1983-09-01 09:00:00+00:00,12.16,390.95,8.1,260.42
1983-09-30 09:00:00+00:00,11.24,361.37,7.51,241.45
1983-10-03 09:00:00+00:00,10.4,334.37,6.98,224.41
1983-10-31 09:00:00+00:00,8.74,281,5.84,187.76
1983-11-01 09:00:00+00:00,8.37,269.1,5.6,180.04
1983-11-30 09:00:00+00:00,9.81,315.4,6.7,215.41
1983-12-01 09:00:00+00:00,9.58,308,6.55,210.59
1983-12-30 09:00:00+00:00,8.91,286.46,6.14,197.41
1984-01-03 09:00:00+00:00,8.96,288.07,6.24,200.62
1984-01-30 09:00:00+00:00,8.28,266.21,5.89,189.37
1984-02-01 09:00:00+00:00,8.7,279.71,6.19,199.01
1984-03-01 09:00:00+00:00,9.62,309.29,6.47,208.02
1984-03-30 09:00:00+00:00,9.65,310.25,6.7,215.41
1984-04-02 09:00:00+00:00,9.74,313.15,6.76,217.34
1984-04-30 09:00:00+00:00,8.96,288.07,6.42,206.41
1984-05-01 09:00:00+00:00,8.93,287.11,6.39,205.44
1984-05-30 09:00:00+00:00,9.16,294.5,6.62,212.84
1984-06-01 09:00:00+00:00,9.36,300.93,6.73,216.37
1984-07-02 09:00:00+00:00,8.3,266.85,6.16,198.05
1984-07-30 09:00:00+00:00,6.92,222.48,5.29,170.08
1984-08-01 09:00:00+00:00,7.02,225.7,5.39,173.29
1984-08-30 09:00:00+00:00,7.56,243.06,5.77,185.51
1984-09-03 09:00:00+00:00,7.32,235.34,5.61,180.37
1984-10-01 09:00:00+00:00,7.45,239.52,6.03,193.87
1984-10-30 09:00:00+00:00,7.2,231.49,5.95,191.3
1984-11-01 09:00:00+00:00,7.18,230.84,5.88,189.05
1984-11-30 09:00:00+00:00,7.05,226.66,5.87,188.72
1984-12-03 09:00:00+00:00,7,225.05,5.87,188.72
1984-12-31 09:00:00+00:00,6.29,202.23,5.43,174.58
1985-01-02 09:00:00+00:00,6.25,200.94,5.47,175.86
1985-01-30 09:00:00+00:00,6.17,198.37,5.49,176.51
1985-02-01 09:00:00+00:00,6.3,202.55,5.59,179.72
1985-03-01 09:00:00+00:00,5.6,180.04,5.24,168.47
1985-04-01 09:00:00+00:00,6.52,209.62,5.3,170.4
1985-04-30 09:00:00+00:00,6.32,203.19,5.08,163.33
1985-05-01 09:00:00+00:00,6.15,197.73,4.99,160.43
1985-05-30 09:00:00+00:00,6.16,198.05,4.82,154.97
1985-06-03 09:00:00+00:00,6.21,199.66,4.79,154
1985-07-01 09:00:00+00:00,6.1,196.12,4.63,148.86
1985-07-30 09:00:00+00:00,6.26,201.26,4.39,141.14
1985-08-01 09:00:00+00:00,6.25,200.94,4.45,143.07
1985-08-30 09:00:00+00:00,6.25,200.94,4.47,143.71
1985-09-02 09:00:00+00:00,6.22,199.98,4.49,144.36
1985-09-30 09:00:00+00:00,6.05,194.51,4.31,138.57
1985-10-01 09:00:00+00:00,6,192.9,4.27,137.28
1985-10-30 09:00:00+00:00,6.14,197.41,4.25,136.64
1985-11-01 09:00:00+00:00,6.07,195.15,4.21,135.35
1985-12-02 09:00:00+00:00,6.1,196.12,4.07,130.85
1985-12-30 09:00:00+00:00,5.87,188.72,4.08,131.17
1986-01-02 09:00:00+00:00,5.81,186.8,4,128.6
1986-01-30 09:00:00+00:00,6.17,198.37,4.4,141.46
1986-02-03 09:00:00+00:00,6.04,194.19,4.34,139.53
1986-03-03 09:00:00+00:00,5.65,181.65,3.93,126.35
1986-04-01 09:00:00+00:00,5.18,166.54,3.54,113.81
1986-04-30 09:00:00+00:00,5.11,164.29,3.3,106.1
1986-05-01 09:00:00+00:00,5.11,164.29,3.32,106.74
1986-05-30 09:00:00+00:00,5.2,167.18,3.51,112.85
1986-06-02 09:00:00+00:00,5.2,167.18,3.54,113.81
1986-06-30 09:00:00+00:00,5.04,162.04,3.29,105.78
1986-07-01 09:00:00+00:00,5.1,163.97,3.3,106.1
1986-07-30 09:00:00+00:00,4.98,160.11,3.33,107.06
1986-08-01 09:00:00+00:00,5.05,162.36,3.38,108.67
1986-09-01 09:00:00+00:00,5.2,167.18,3.49,112.21
1986-09-30 09:00:00+00:00,5.52,177.47,3.81,122.49
1986-10-01 09:00:00+00:00,5.57,179.08,3.85,123.78
1986-10-30 09:00:00+00:00,5.6,180.04,3.97,127.64
1986-11-03 09:00:00+00:00,5.62,180.69,3.98,127.96
1986-12-01 09:00:00+00:00,5.5,176.83,3.83,123.14
1986-12-30 09:00:00+00:00,5.28,169.76,3.59,115.42
1987-01-02 09:00:00+00:00,5.36,172.33,3.59,115.42
1987-01-30 09:00:00+00:00,5.55,178.44,3.63,116.71
1987-02-02 09:00:00+00:00,5.53,177.79,3.64,117.03
1987-03-02 09:00:00+00:00,5.43,174.58,3.49,112.21
1987-03-30 09:00:00+00:00,6.23,200.3,3.87,124.42
1987-04-01 09:00:00+00:00,6.26,201.26,3.9,125.39
1987-04-30 09:00:00+00:00,8.12,261.06,4.88,156.9
1987-05-01 09:00:00+00:00,7.94,255.28,4.76,153.04
1987-06-01 09:00:00+00:00,7.34,235.99,4.52,145.32
1987-06-30 09:00:00+00:00,7.14,229.56,4.43,142.43
1987-07-01 09:00:00+00:00,7.3,234.7,4.5,144.68
1987-07-30 09:00:00+00:00,8.01,257.53,5.01,161.08
1987-08-03 09:00:00+00:00,8.6,276.5,5.4,173.61
1987-09-01 09:00:00+00:00,7.45,239.52,4.55,146.29
1987-09-30 09:00:00+00:00,7.64,245.63,4.69,150.79
1987-10-01 09:00:00+00:00,7.55,242.74,4.65,149.5
1987-10-30 09:00:00+00:00,6.88,221.2,4.01,128.92
1987-11-02 09:00:00+00:00,7,225.05,4.04,129.89
1987-11-30 09:00:00+00:00,7.25,233.09,3.96,127.32
1987-12-01 09:00:00+00:00,6.99,224.73,3.86,124.1
1987-12-30 09:00:00+00:00,6.7,215.41,3.61,116.06
1988-01-04 09:00:00+00:00,6.64,213.48,3.54,113.81
1988-02-01 09:00:00+00:00,6.54,210.27,3.71,119.28
1988-03-01 09:00:00+00:00,6.21,199.66,3.5,112.53
1988-03-30 09:00:00+00:00,6.69,215.09,3.59,115.42
1988-04-05 09:00:00+00:00,6.73,216.37,3.57,114.78
1988-05-03 09:00:00+00:00,6.36,204.48,3.4,109.31
1988-05-31 09:00:00+00:00,6.6,212.19,3.58,115.1
1988-06-01 09:00:00+00:00,6.71,215.73,3.67,117.99
1988-06-30 09:00:00+00:00,6.65,213.8,3.89,125.07
1988-07-01 09:00:00+00:00,6.69,215.09,3.93,126.35
1988-08-01 09:00:00+00:00,6.86,220.55,4.01,128.92
1988-08-30 09:00:00+00:00,6.51,209.3,3.86,124.1
1988-09-01 09:00:00+00:00,6.55,210.59,3.9,125.39
1988-09-30 09:00:00+00:00,6.17,198.37,3.66,117.67
1988-10-03 09:00:00+00:00,6.12,196.76,3.62,116.39
1988-10-31 09:00:00+00:00,6.31,202.87,3.54,113.81
1988-11-01 09:00:00+00:00,6.28,201.91,3.55,114.13
1988-11-30 09:00:00+00:00,6.07,195.15,3.28,105.45
1988-12-01 09:00:00+00:00,6.16,198.05,3.32,106.74
1988-12-30 09:00:00+00:00,6.05,194.51,3.34,107.38
1989-01-03 09:00:00+00:00,6.07,195.15,3.33,107.06
1989-01-30 09:00:00+00:00,5.87,188.72,3.34,107.38
1989-02-01 09:00:00+00:00,5.82,187.12,3.33,107.06
1989-03-01 09:00:00+00:00,5.84,187.76,3.37,108.35
1989-03-30 09:00:00+00:00,5.82,187.12,3.45,110.92
1989-04-03 09:00:00+00:00,5.79,186.15,3.45,110.92
1989-05-02 09:00:00+00:00,5.65,181.65,3.36,108.03
1989-05-30 09:00:00+00:00,5.22,167.83,3.33,107.06
1989-06-01 09:00:00+00:00,5.16,165.9,3.29,105.78
1989-06-30 09:00:00+00:00,5.17,166.22,3.34,107.38
1989-07-03 09:00:00+00:00,5.19,166.86,3.31,106.42
1989-07-31 09:00:00+00:00,5.15,165.58,3.09,99.35
1989-08-01 09:00:00+00:00,5.25,168.79,3.16,101.6
1989-08-30 09:00:00+00:00,5.13,164.93,3.23,103.85
1989-09-01 09:00:00+00:00,5.05,162.36,3.23,103.85
1989-10-02 09:00:00+00:00,5.23,168.15,3.24,104.17
1989-10-30 09:00:00+00:00,5.25,168.79,3.34,107.38
1989-11-01 09:00:00+00:00,5.17,166.22,3.27,105.13
1989-11-30 09:00:00+00:00,5.57,179.08,3.55,114.13
1989-12-01 09:00:00+00:00,5.71,183.58,3.65,117.35
1990-01-02 09:00:00+00:00,5.21,167.51,3.21,103.2
1990-01-30 09:00:00+00:00,5.2,167.18,3.09,99.35
1990-02-01 09:00:00+00:00,5.21,167.51,3.1,99.67
1990-03-01 09:00:00+00:00,5.14,165.25,3.08,99.02
1990-03-30 09:00:00+00:00,4.97,159.79,3.02,97.1
1990-04-02 09:00:00+00:00,4.94,158.82,3.03,97.42
1990-04-30 09:00:00+00:00,4.94,158.82,3.01,96.77
1990-05-01 09:00:00+00:00,4.95,159.15,3.02,97.1
1990-05-30 09:00:00+00:00,5.13,164.93,3.01,96.77
1990-06-01 09:00:00+00:00,5.07,163,3.02,97.1
1990-07-02 09:00:00+00:00,4.91,157.86,2.79,89.7
1990-07-30 09:00:00+00:00,4.83,155.29,2.62,84.23
1990-08-01 09:00:00+00:00,4.81,154.64,2.59,83.27
1990-08-30 09:00:00+00:00,4.84,155.61,2.52,81.02
1990-09-03 09:00:00+00:00,4.85,155.93,2.59,83.27
1990-10-01 09:00:00+00:00,4.79,154,2.53,81.34
1990-10-30 09:00:00+00:00,4.14,133.1,2.12,68.16
1990-11-01 09:00:00+00:00,4.18,134.39,2.16,69.45
1990-11-30 09:00:00+00:00,4.09,131.5,2.11,67.84
1990-12-03 09:00:00+00:00,4.13,132.78,2.14,68.8
1990-12-31 09:00:00+00:00,4.19,134.71,2.17,69.77
1991-01-02 09:00:00+00:00,4.16,133.75,2.15,69.12
1991-01-30 09:00:00+00:00,3.81,122.49,1.94,62.37
1991-02-01 09:00:00+00:00,3.88,124.74,1.97,63.34
1991-03-01 09:00:00+00:00,3.76,120.89,1.98,63.66
1991-04-02 09:00:00+00:00,3.94,126.67,2.25,72.34
1991-04-30 09:00:00+00:00,3.93,126.35,2.3,73.95
1991-05-01 09:00:00+00:00,3.97,127.64,2.28,73.3
1991-05-30 09:00:00+00:00,4.12,132.46,2.39,76.84
1991-06-03 09:00:00+00:00,4.16,133.75,2.46,79.09
1991-07-01 09:00:00+00:00,4.45,143.07,2.74,88.09
1991-07-30 09:00:00+00:00,4.05,130.21,2.4,77.16
1991-08-01 09:00:00+00:00,4.05,130.21,2.4,77.16
1991-08-30 09:00:00+00:00,3.82,122.82,2.26,72.66
1991-09-02 09:00:00+00:00,3.83,123.14,2.27,72.98
1991-09-30 09:00:00+00:00,4.14,133.1,2.36,75.88
1991-10-01 09:00:00+00:00,4.15,133.43,2.37,76.2
1991-10-30 09:00:00+00:00,4.11,132.14,2.37,76.2
1991-11-01 09:00:00+00:00,4.1,131.82,2.35,75.55
1991-12-02 09:00:00+00:00,4.09,131.5,2.3,73.95
1991-12-30 09:00:00+00:00,3.86,124.1,2.06,66.23
1992-01-02 09:00:00+00:00,3.87,124.42,2.06,66.23
1992-01-30 09:00:00+00:00,4.24,136.32,2.36,75.88
1992-02-03 09:00:00+00:00,4.18,134.39,2.33,74.91
1992-03-02 09:00:00+00:00,4.1,131.82,2.33,74.91
1992-03-30 09:00:00+00:00,4.15,133.43,2.39,76.84
1992-04-01 09:00:00+00:00,4.15,133.43,2.41,77.48
1992-04-30 09:00:00+00:00,3.98,127.96,2.25,72.34
1992-05-01 09:00:00+00:00,4.01,128.92,2.26,72.66
1992-06-01 09:00:00+00:00,4.03,129.57,2.2,70.73
1992-06-30 09:00:00+00:00,4.03,129.57,2.12,68.16
1992-07-01 09:00:00+00:00,4.05,130.21,2.12,68.16
1992-07-30 09:00:00+00:00,3.92,126.03,2.04,65.59
1992-08-03 09:00:00+00:00,3.94,126.67,2.05,65.91
1992-09-01 09:00:00+00:00,3.75,120.57,1.88,60.44
1992-09-30 09:00:00+00:00,3.77,121.21,2.11,67.84
1992-10-01 09:00:00+00:00,3.75,120.57,2.13,68.48
1992-10-30 09:00:00+00:00,3.76,120.89,2.4,77.16
1992-11-02 09:00:00+00:00,3.76,120.89,2.43,78.13
1992-11-30 09:00:00+00:00,3.73,119.92,2.48,79.73
1992-12-01 09:00:00+00:00,3.76,120.89,2.48,79.73
1992-12-30 09:00:00+00:00,3.66,117.67,2.42,77.8
1993-01-04 09:00:00+00:00,3.66,117.67,2.43,78.13
1993-02-01 09:00:00+00:00,3.66,117.67,2.5,80.38
1993-03-01 09:00:00+00:00,3.58,115.1,2.5,80.38
1993-03-30 09:00:00+00:00,3.78,121.53,2.53,81.34
1993-04-01 09:00:00+00:00,3.86,124.1,2.55,81.98
1993-04-30 09:00:00+00:00,4.3,138.25,2.73,87.77
1993-05-04 09:00:00+00:00,4.27,137.28,2.71,87.13
1993-06-01 09:00:00+00:00,4.62,148.54,2.95,94.84
1993-06-30 09:00:00+00:00,4.58,147.25,3.04,97.74
1993-07-01 09:00:00+00:00,4.55,146.29,3.04,97.74
1993-07-30 09:00:00+00:00,5.3,170.4,3.58,115.1
1993-08-02 09:00:00+00:00,5.42,174.26,3.66,117.67
1993-08-31 09:00:00+00:00,4.84,155.61,3.24,104.17
1993-09-01 09:00:00+00:00,4.83,155.29,3.24,104.17
1993-09-30 09:00:00+00:00,4.03,129.57,2.67,85.84
1993-10-01 09:00:00+00:00,4.06,130.53,2.72,87.45
1993-11-01 09:00:00+00:00,4.28,137.6,2.89,92.92
1993-11-30 09:00:00+00:00,4.47,143.71,3,96.45
1993-12-01 09:00:00+00:00,4.43,142.43,2.99,96.13
1993-12-30 09:00:00+00:00,5.11,164.29,3.44,110.6
1994-01-04 09:00:00+00:00,5.28,169.76,3.56,114.46
1994-01-31 09:00:00+00:00,5.06,162.68,3.38,108.67
1994-02-01 09:00:00+00:00,5.12,164.61,3.4,109.31
1994-03-01 09:00:00+00:00,5.33,171.36,3.58,115.1
1994-03-30 09:00:00+00:00,5.61,180.37,3.79,121.85
1994-04-05 09:00:00+00:00,5.64,181.33,3.84,123.46
1994-05-03 09:00:00+00:00,5.29,170.08,3.5,112.53
1994-05-31 09:00:00+00:00,5.5,176.83,3.64,117.03
1994-06-01 09:00:00+00:00,5.54,178.11,3.66,117.67
1994-06-30 09:00:00+00:00,5.25,168.79,3.41,109.63
1994-07-01 09:00:00+00:00,5.36,172.33,3.49,112.21
1994-08-01 09:00:00+00:00,5.33,171.36,3.45,110.92
1994-08-30 09:00:00+00:00,5.38,172.97,3.51,112.85
1994-09-01 09:00:00+00:00,5.4,173.61,3.52,113.17
1994-09-30 09:00:00+00:00,5.62,180.69,3.56,114.46
1994-10-03 09:00:00+00:00,5.52,177.47,3.51,112.85
1994-10-31 09:00:00+00:00,5.34,171.68,3.3,106.1
1994-11-01 09:00:00+00:00,5.22,167.83,3.19,102.56
1994-11-30 09:00:00+00:00,5.08,163.33,3.25,104.49
1994-12-01 09:00:00+00:00,4.92,158.18,3.14,100.95
1994-12-30 09:00:00+00:00,4.85,155.93,3.1,99.67
1995-01-03 09:00:00+00:00,4.84,155.61,3.1,99.67
1995-01-30 09:00:00+00:00,4.68,150.47,2.94,94.52
1995-02-01 09:00:00+00:00,4.68,150.47,2.96,95.17
1995-03-01 09:00:00+00:00,4.47,143.71,2.83,90.99
1995-03-30 09:00:00+00:00,4.76,153.04,2.95,94.84
1995-04-03 09:00:00+00:00,5.3,170.4,3.28,105.45
1995-05-01 09:00:00+00:00,5.7,183.26,3.53,113.49
1995-05-30 09:00:00+00:00,5.46,175.54,3.41,109.63
1995-06-01 09:00:00+00:00,5.26,169.11,3.32,106.74
1995-06-30 09:00:00+00:00,5.33,171.36,3.34,107.38
1995-07-03 09:00:00+00:00,5.08,163.33,3.18,102.24
1995-07-31 09:00:00+00:00,5.1,163.97,3.18,102.24
1995-08-01 09:00:00+00:00,5.03,161.72,3.15,101.27
1995-08-30 09:00:00+00:00,5.46,175.54,3.53,113.49
1995-09-01 09:00:00+00:00,5.34,171.68,3.44,110.6
1995-10-02 09:00:00+00:00,5.42,174.26,3.42,109.96
1995-10-30 09:00:00+00:00,5.33,171.36,3.38,108.67
1995-11-01 09:00:00+00:00,5.33,171.36,3.38,108.67
1995-11-30 09:00:00+00:00,5.18,166.54,3.38,108.67
1995-12-01 09:00:00+00:00,5.22,167.83,3.42,109.96
1996-01-02 09:00:00+00:00,5.16,165.9,3.34,107.38
1996-01-30 09:00:00+00:00,5.58,179.4,3.7,118.96
1996-02-01 09:00:00+00:00,5.6,180.04,3.7,118.96
1996-03-01 09:00:00+00:00,5.52,177.47,3.62,116.39
1996-04-01 09:00:00+00:00,5.52,177.47,3.61,116.06
1996-04-30 09:00:00+00:00,5.28,169.76,3.5,112.53
1996-05-01 09:00:00+00:00,5.32,171.04,3.56,114.46
1996-05-30 09:00:00+00:00,5.34,171.68,3.48,111.88
1996-06-03 09:00:00+00:00,5.38,172.97,3.48,111.88
1996-07-01 09:00:00+00:00,5.05,162.36,3.25,104.49
1996-07-30 09:00:00+00:00,5.07,163,3.25,104.49
1996-08-01 09:00:00+00:00,5.15,165.58,3.31,106.42
1996-08-30 09:00:00+00:00,5.2,167.18,3.34,107.38
1996-09-02 09:00:00+00:00,5.18,166.54,3.32,106.74
1996-09-30 09:00:00+00:00,4.88,156.9,3.12,100.31
1996-10-01 09:00:00+00:00,4.85,155.93,3.1,99.67
1996-10-30 09:00:00+00:00,4.83,155.29,2.97,95.49
1996-11-01 09:00:00+00:00,4.8,154.32,2.92,93.88
1996-12-02 09:00:00+00:00,4.73,152.07,2.81,90.34
1996-12-30 09:00:00+00:00,4.88,156.9,2.89,92.92
1997-01-02 09:00:00+00:00,4.77,153.36,2.8,90.02
1997-01-30 09:00:00+00:00,4.88,156.9,3.01,96.77
1997-02-03 09:00:00+00:00,4.88,156.9,3.04,97.74
1997-03-03 09:00:00+00:00,5.31,170.72,3.27,105.13
1997-04-01 09:00:00+00:00,5.04,162.04,3.06,98.38
1997-04-30 09:00:00+00:00,4.66,149.82,2.86,91.95
1997-05-01 09:00:00+00:00,4.68,150.47,2.88,92.59
1997-05-30 09:00:00+00:00,4.86,156.25,2.96,95.17
1997-06-02 09:00:00+00:00,4.73,152.07,2.89,92.92
1997-06-30 09:00:00+00:00,4.72,151.75,2.83,90.99
1997-07-01 09:00:00+00:00,4.64,149.18,2.79,89.7
1997-07-30 09:00:00+00:00,4.36,140.18,2.68,86.16
1997-08-01 09:00:00+00:00,4.47,143.71,2.73,87.77
1997-09-01 09:00:00+00:00,4.66,149.82,2.89,92.92
1997-09-30 09:00:00+00:00,5.17,166.22,3.2,102.88
1997-10-01 09:00:00+00:00,5.18,166.54,3.21,103.2
1997-10-30 09:00:00+00:00,4.81,154.64,2.88,92.59
1997-11-03 09:00:00+00:00,4.78,153.68,2.86,91.95
1997-12-01 09:00:00+00:00,5.24,168.47,3.11,99.99
1997-12-30 09:00:00+00:00,6.2,199.33,3.74,120.24
1998-01-02 09:00:00+00:00,5.94,190.98,3.62,116.39
1998-01-30 09:00:00+00:00,6.05,194.51,3.69,118.64
1998-02-02 09:00:00+00:00,6.25,200.94,3.83,123.14
1998-03-02 09:00:00+00:00,6.6,212.19,4,128.6
1998-03-30 09:00:00+00:00,6.35,204.16,3.78,121.53
1998-04-01 09:00:00+00:00,6.46,207.69,3.86,124.1
1998-04-30 09:00:00+00:00,6.22,199.98,3.72,119.6
1998-05-01 09:00:00+00:00,6.17,198.37,3.69,118.64
1998-06-01 09:00:00+00:00,5.14,165.25,3.15,101.27
1998-06-30 09:00:00+00:00,5.36,172.33,3.22,103.53
1998-07-01 09:00:00+00:00,5.52,177.47,3.32,106.74
1998-07-30 09:00:00+00:00,5.54,178.11,3.37,108.35
1998-08-03 09:00:00+00:00,5.41,173.94,3.33,107.06
1998-09-01 09:00:00+00:00,4.73,152.07,2.82,90.66
1998-09-30 09:00:00+00:00,5.38,172.97,3.18,102.24
1998-10-01 09:00:00+00:00,5.36,172.33,3.14,100.95
1998-10-30 09:00:00+00:00,5.06,162.68,3.01,96.77
1998-11-02 09:00:00+00:00,5.04,162.04,3.02,97.1
1998-11-30 09:00:00+00:00,4.92,158.18,2.98,95.81
1998-12-01 09:00:00+00:00,4.88,156.9,2.95,94.84
1998-12-30 09:00:00+00:00,5.03,161.72,3,96.45
1999-01-04 09:00:00+00:00,5,160.75,3.02,97.1
1999-02-01 09:00:00+00:00,5.28,169.76,3.21,103.2
1999-03-01 09:00:00+00:00,5.62,180.69,3.5,112.53
1999-03-30 09:00:00+00:00,5.12,164.61,3.16,101.6
1999-04-01 09:00:00+00:00,5.01,161.08,3.11,99.99
1999-04-30 09:00:00+00:00,5.44,174.9,3.37,108.35
1999-05-04 09:00:00+00:00,5.32,171.04,3.3,106.1
1999-06-01 09:00:00+00:00,4.88,156.9,3.04,97.74
1999-06-30 09:00:00+00:00,5.22,167.83,3.31,106.42
1999-07-01 09:00:00+00:00,5.31,170.72,3.36,108.03
1999-07-30 09:00:00+00:00,5.45,175.22,3.36,108.03
1999-08-02 09:00:00+00:00,5.36,172.33,3.31,106.42
1999-08-31 09:00:00+00:00,5.08,163.33,3.16,101.6
1999-09-01 09:00:00+00:00,5.2,167.18,3.23,103.85
1999-09-30 09:00:00+00:00,5.58,179.4,3.38,108.67
1999-10-01 09:00:00+00:00,5.67,182.29,3.43,110.28
1999-11-01 09:00:00+00:00,5.2,167.18,3.15,101.27
1999-11-30 09:00:00+00:00,5.18,166.54,3.25,104.49
1999-12-01 09:00:00+00:00,5.19,166.86,3.24,104.17
1999-12-30 09:00:00+00:00,5.33,171.36,3.3,106.1
2000-01-04 09:00:00+00:00,5.3,170.4,3.23,103.85
2000-01-31 09:00:00+00:00,5.26,169.11,3.24,104.17
2000-02-01 09:00:00+00:00,5.24,168.47,3.25,104.49
2000-03-01 09:00:00+00:00,5.12,164.61,3.24,104.17
2000-03-30 09:00:00+00:00,4.94,158.82,3.11,99.99
2000-04-03 09:00:00+00:00,5.04,162.04,3.16,101.6
2000-05-02 09:00:00+00:00,5,160.75,3.2,102.88
2000-05-30 09:00:00+00:00,4.94,158.82,3.29,105.78
2000-06-01 09:00:00+00:00,4.89,157.22,3.28,105.45
2000-06-30 09:00:00+00:00,5.02,161.4,3.32,106.74
2000-07-03 09:00:00+00:00,5,160.75,3.31,106.42
2000-07-31 09:00:00+00:00,4.95,159.15,3.3,106.1
2000-08-01 09:00:00+00:00,4.98,160.11,3.32,106.74
2000-08-30 09:00:00+00:00,4.89,157.22,3.38,108.67
2000-09-01 09:00:00+00:00,4.94,158.82,3.41,109.63
2000-10-02 09:00:00+00:00,4.88,156.9,3.31,106.42
2000-10-30 09:00:00+00:00,4.76,153.04,3.25,104.49
2000-11-01 09:00:00+00:00,4.75,152.72,3.28,105.45
2000-11-30 09:00:00+00:00,4.63,148.86,3.26,104.81
2000-12-01 09:00:00+00:00,4.68,150.47,3.27,105.13
2001-01-02 09:00:00+00:00,4.59,147.57,3.08,99.02
2001-01-30 09:00:00+00:00,4.8,154.32,3.29,105.78
2001-02-01 09:00:00+00:00,4.8,154.32,3.25,104.49
2001-03-01 09:00:00+00:00,4.51,145,3.11,99.99
2001-03-30 09:00:00+00:00,4.33,139.21,3.04,97.74
2001-04-02 09:00:00+00:00,4.3,138.25,3.02,97.1
2001-04-30 09:00:00+00:00,4.36,140.18,3.05,98.06
2001-05-01 09:00:00+00:00,4.34,139.53,3.04,97.74
2001-05-30 09:00:00+00:00,4.51,145,3.18,102.24
2001-06-01 09:00:00+00:00,4.39,141.14,3.1,99.67
2001-07-02 09:00:00+00:00,4.3,138.25,3.04,97.74
2001-07-30 09:00:00+00:00,4.22,135.68,2.97,95.49
2001-08-01 09:00:00+00:00,4.24,136.32,2.96,95.17
2001-08-30 09:00:00+00:00,4.2,135.03,2.89,92.92
2001-09-03 09:00:00+00:00,4.2,135.03,2.88,92.59
2001-10-01 09:00:00+00:00,4.58,147.25,3.1,99.67
2001-10-30 09:00:00+00:00,4.29,137.93,2.95,94.84
2001-11-01 09:00:00+00:00,4.24,136.32,2.89,92.92
2001-11-30 09:00:00+00:00,4.14,133.1,2.91,93.56
2001-12-03 09:00:00+00:00,4.18,134.39,2.94,94.52
2001-12-31 09:00:00+00:00,4.52,145.32,3.12,100.31
2002-01-02 09:00:00+00:00,4.59,147.57,3.16,101.6
2002-01-30 09:00:00+00:00,4.3,138.25,3.03,97.42
2002-02-01 09:00:00+00:00,4.25,136.64,3.01,96.77
2002-03-01 09:00:00+00:00,4.5,144.68,3.16,101.6
2002-04-02 09:00:00+00:00,4.66,149.82,3.25,104.49
2002-04-30 09:00:00+00:00,4.6,147.89,3.16,101.6
2002-05-01 09:00:00+00:00,4.54,145.96,3.11,99.99
2002-05-30 09:00:00+00:00,4.9,157.54,3.35,107.7
2002-06-05 09:00:00+00:00,5.05,162.36,3.46,111.24
2002-07-01 09:00:00+00:00,4.8,154.32,3.14,100.95
2002-07-30 09:00:00+00:00,4.66,149.82,2.98,95.81
2002-08-01 09:00:00+00:00,4.54,145.96,2.93,94.2
2002-08-30 09:00:00+00:00,4.57,146.93,2.94,94.52
2002-09-02 09:00:00+00:00,4.47,143.71,2.89,92.92
2002-09-30 09:00:00+00:00,4.53,145.64,2.9,93.24
2002-10-01 09:00:00+00:00,4.52,145.32,2.88,92.59
2002-10-30 09:00:00+00:00,4.48,144.04,2.88,92.59
2002-11-01 09:00:00+00:00,4.54,145.96,2.91,93.56
2002-12-02 09:00:00+00:00,4.43,142.43,2.86,91.95
2002-12-30 09:00:00+00:00,4.72,151.75,2.95,94.84
2003-01-02 09:00:00+00:00,4.74,152.39,2.95,94.84
2003-01-30 09:00:00+00:00,4.78,153.68,2.91,93.56
2003-02-03 09:00:00+00:00,4.84,155.61,2.96,95.17
2003-03-03 09:00:00+00:00,4.61,148.21,2.93,94.2
2003-03-31 09:00:00+00:00,4.46,143.39,2.82,90.66
2003-04-01 09:00:00+00:00,4.44,142.75,2.82,90.66
2003-04-30 09:00:00+00:00,4.61,148.21,2.88,92.59
2003-05-01 09:00:00+00:00,4.66,149.82,2.91,93.56
2003-05-30 09:00:00+00:00,4.56,146.61,2.77,89.06
2003-06-02 09:00:00+00:00,4.5,144.68,2.76,88.74
2003-06-11 09:00:00+00:00,,,,
2003-06-30 09:00:00+00:00,4.5,144.68,2.73,87.77
2003-07-01 09:00:00+00:00,4.56,146.61,2.75,88.41
2003-07-30 09:00:00+00:00,5.1,163.97,3.14,100.95
2003-08-01 09:00:00+00:00,5.12,164.61,3.2,102.88
2003-09-01 09:00:00+00:00,5.16,165.9,3.28,105.45
2003-09-30 09:00:00+00:00,5.12,164.61,3.06,98.38
2003-10-01 09:00:00+00:00,5.12,164.61,3.09,99.35
2003-10-30 09:00:00+00:00,5.18,166.54,3.04,97.74
2003-11-03 09:00:00+00:00,5.06,162.68,2.98,95.81
2003-12-01 09:00:00+00:00,5.36,172.33,3.11,99.99
2003-12-30 09:00:00+00:00,5.91,190.01,3.33,107.06
2004-01-02 09:00:00+00:00,5.98,192.26,3.35,107.7
2004-01-30 09:00:00+00:00,6.22,199.98,3.44,110.6
2004-02-02 09:00:00+00:00,6.2,199.33,3.4,109.31
2004-03-01 09:00:00+00:00,6.73,216.37,3.6,115.74
2004-03-30 09:00:00+00:00,7.61,244.67,4.17,134.07
2004-04-01 09:00:00+00:00,7.94,255.28,4.29,137.93
2004-04-30 09:00:00+00:00,5.95,191.3,3.36,108.03
2004-05-04 09:00:00+00:00,6.1,196.12,3.41,109.63
2004-06-01 09:00:00+00:00,6.17,198.37,3.36,108.03
2004-06-30 09:00:00+00:00,5.91,190.01,3.26,104.81
2004-07-01 09:00:00+00:00,5.88,189.05,3.23,103.85
2004-07-30 09:00:00+00:00,6.42,206.41,3.54,113.81
2004-08-02 09:00:00+00:00,6.64,213.48,3.63,116.71
2004-08-31 09:00:00+00:00,6.74,216.7,3.76,120.89
2004-09-01 09:00:00+00:00,6.73,216.37,3.74,120.24
2004-09-30 09:00:00+00:00,6.66,214.12,3.7,118.96
2004-10-01 09:00:00+00:00,6.84,219.91,3.81,122.49
2004-11-01 09:00:00+00:00,7.24,232.77,3.95,127
2004-11-30 09:00:00+00:00,7.76,249.49,4.07,130.85
2004-12-01 09:00:00+00:00,7.72,248.2,4.01,128.92
2004-12-30 09:00:00+00:00,6.77,217.66,3.53,113.49
2005-01-04 09:00:00+00:00,6.39,205.44,3.37,108.35
2005-01-31 09:00:00+00:00,6.72,216.05,3.57,114.78
2005-02-01 09:00:00+00:00,6.7,215.41,3.56,114.46
2005-03-01 09:00:00+00:00,7.26,233.41,3.78,121.53
2005-03-30 09:00:00+00:00,6.96,223.77,3.7,118.96
2005-04-01 09:00:00+00:00,7.1,228.27,3.76,120.89
2005-05-03 09:00:00+00:00,6.85,220.23,3.62,116.39
2005-05-31 09:00:00+00:00,7.13,229.23,3.92,126.03
2005-06-01 09:00:00+00:00,7.38,237.27,4.07,130.85
2005-06-30 09:00:00+00:00,7.1,228.27,3.96,127.32
2005-07-01 09:00:00+00:00,7.02,225.7,3.94,126.67
2005-08-01 09:00:00+00:00,7.25,233.09,4.1,131.82
2005-08-30 09:00:00+00:00,6.76,217.34,3.79,121.85
2005-09-01 09:00:00+00:00,6.86,220.55,3.79,121.85
2005-09-30 09:00:00+00:00,7.53,242.09,4.26,136.96
2005-10-03 09:00:00+00:00,7.38,237.27,4.21,135.35
2005-10-31 09:00:00+00:00,7.76,249.49,4.37,140.5
2005-11-01 09:00:00+00:00,7.54,242.42,4.26,136.96
2005-11-30 09:00:00+00:00,8.21,263.96,4.75,152.72
2005-12-01 09:00:00+00:00,8.32,267.49,4.81,154.64
2005-12-30 09:00:00+00:00,8.83,283.89,5.13,164.93
2006-01-03 09:00:00+00:00,9.04,290.64,5.23,168.15
2006-01-30 09:00:00+00:00,9.65,310.25,5.47,175.86
2006-02-01 09:00:00+00:00,9.77,314.11,5.5,176.83
2006-03-01 09:00:00+00:00,9.8,315.08,5.58,179.4
2006-03-30 09:00:00+00:00,11.45,368.13,6.58,211.55
2006-04-03 09:00:00+00:00,11.58,372.31,6.71,215.73
2006-05-02 09:00:00+00:00,13.92,447.54,7.59,244.02
2006-05-30 09:00:00+00:00,12.9,414.74,6.87,220.88
2006-06-01 09:00:00+00:00,12.05,387.42,6.47,208.02
2006-06-30 09:00:00+00:00,10.7,344.01,5.83,187.44
2006-07-03 09:00:00+00:00,11.28,362.66,6.12,196.76
2006-07-31 09:00:00+00:00,11.44,367.8,6.14,197.41
2006-08-01 09:00:00+00:00,11.36,365.23,6.08,195.48
2006-08-30 09:00:00+00:00,12.22,392.88,6.43,206.73
2006-09-01 09:00:00+00:00,12.75,409.92,6.7,215.41
2006-10-02 09:00:00+00:00,11.58,372.31,6.18,198.69
2006-10-30 09:00:00+00:00,12.13,389.99,6.38,205.12
2006-11-01 09:00:00+00:00,12.36,397.38,6.47,208.02
2006-11-30 09:00:00+00:00,13.68,439.82,6.99,224.73
2006-12-01 09:00:00+00:00,13.85,445.29,7.04,226.34
2007-01-02 09:00:00+00:00,13.01,418.28,6.6,212.19
2007-01-30 09:00:00+00:00,13.15,422.78,6.69,215.09
2007-02-01 09:00:00+00:00,13.58,436.61,6.9,221.84
2007-03-01 09:00:00+00:00,14.29,459.43,7.28,234.06
2007-03-30 09:00:00+00:00,13.35,429.21,6.82,219.27
2007-04-02 09:00:00+00:00,13.34,428.89,6.76,217.34
2007-04-30 09:00:00+00:00,13.5,434.03,6.77,217.66
2007-05-01 09:00:00+00:00,13.45,432.43,6.71,215.73
2007-05-30 09:00:00+00:00,13.11,421.5,6.64,213.48
2007-06-01 09:00:00+00:00,13.53,435,6.84,219.91
2007-07-02 09:00:00+00:00,12.47,400.92,6.2,199.33
2007-07-30 09:00:00+00:00,12.73,409.28,6.29,202.23
2007-08-01 09:00:00+00:00,12.77,410.56,6.31,202.87
2007-08-30 09:00:00+00:00,11.86,381.31,5.91,190.01
2007-09-03 09:00:00+00:00,12.1,389.02,6,192.9
2007-10-01 09:00:00+00:00,13.78,443.04,6.75,217.02
2007-10-30 09:00:00+00:00,14.18,455.9,6.86,220.55
2007-11-01 09:00:00+00:00,14.36,461.68,6.9,221.84
2007-11-30 09:00:00+00:00,14.23,457.5,6.88,221.2
2007-12-03 09:00:00+00:00,13.86,445.61,6.72,216.05
2007-12-31 09:00:00+00:00,14.76,474.54,7.37,236.95
2008-01-02 09:00:00+00:00,14.93,480.01,7.52,241.77
2008-01-30 09:00:00+00:00,16.76,538.85,8.41,270.39
2008-02-01 09:00:00+00:00,17.19,552.67,8.63,277.46
2008-03-03 09:00:00+00:00,20.16,648.16,10.16,326.65
2008-03-31 09:00:00+00:00,17.99,578.39,9.04,290.64
2008-04-01 09:00:00+00:00,16.74,538.2,8.44,271.35
2008-04-30 09:00:00+00:00,16.47,529.52,8.37,269.1
2008-05-01 09:00:00+00:00,16.64,534.99,8.38,269.42
2008-05-30 09:00:00+00:00,16.85,541.74,8.54,274.57
2008-06-02 09:00:00+00:00,16.86,542.06,8.59,276.17
2008-06-30 09:00:00+00:00,17.65,567.46,8.86,284.86
2008-07-01 09:00:00+00:00,17.56,564.57,8.78,282.28
2008-07-30 09:00:00+00:00,17.12,550.42,8.65,278.1
2008-08-01 09:00:00+00:00,17.59,565.53,8.9,286.14
2008-09-01 09:00:00+00:00,13.58,436.61,7.54,242.42
2008-09-30 09:00:00+00:00,12.96,416.67,7.2,231.49
2008-10-01 09:00:00+00:00,12.28,394.81,6.89,221.52
2008-10-30 09:00:00+00:00,10.02,322.15,6.08,195.48
2008-11-03 09:00:00+00:00,10.05,323.11,6.21,199.66
2008-12-01 09:00:00+00:00,9.91,318.61,6.6,212.19
2008-12-30 09:00:00+00:00,10.83,348.19,7.47,240.17
2009-01-02 09:00:00+00:00,11.08,356.23,7.64,245.63
2009-01-30 09:00:00+00:00,12.51,402.21,8.75,281.32
2009-02-02 09:00:00+00:00,12.43,399.63,8.8,282.93
2009-03-02 09:00:00+00:00,13.14,422.46,9.29,298.68
2009-03-30 09:00:00+00:00,12.96,416.67,9.15,294.18
2009-04-01 09:00:00+00:00,12.98,417.32,9.01,289.68
2009-04-30 09:00:00+00:00,12.63,406.06,8.52,273.92
2009-05-01 09:00:00+00:00,12.15,390.63,8.15,262.03
2009-06-01 09:00:00+00:00,15.86,509.91,9.68,311.22
2009-06-30 09:00:00+00:00,13.94,448.18,8.41,270.39
2009-07-01 09:00:00+00:00,13.65,438.86,8.3,266.85
2009-07-30 09:00:00+00:00,13.4,430.82,8.12,261.06
2009-08-03 09:00:00+00:00,14.29,459.43,8.49,272.96
2009-09-01 09:00:00+00:00,14.74,473.9,9.09,292.25
2009-09-30 09:00:00+00:00,16.45,528.88,10.22,328.58
2009-10-01 09:00:00+00:00,16.55,532.09,10.36,333.08
2009-10-30 09:00:00+00:00,16.57,532.74,10.03,322.47
2009-11-02 09:00:00+00:00,16.58,533.06,10.13,325.69
2009-11-30 09:00:00+00:00,18.14,583.21,11.01,353.98
2009-12-01 09:00:00+00:00,18.72,601.86,11.3,363.3
2009-12-30 09:00:00+00:00,16.92,543.99,10.67,343.05
2010-01-04 09:00:00+00:00,17.17,552.03,10.59,340.48
2010-02-01 09:00:00+00:00,16.23,521.81,10.22,328.58
2010-03-01 09:00:00+00:00,16.5,530.49,11.08,356.23
2010-03-30 09:00:00+00:00,17.41,559.74,11.54,371.02
2010-04-01 09:00:00+00:00,17.69,568.75,11.62,373.59
2010-04-30 09:00:00+00:00,18.62,598.65,12.14,390.31
2010-05-04 09:00:00+00:00,18.71,601.54,12.32,396.1
2010-06-01 09:00:00+00:00,18.3,588.36,12.61,405.42
2010-06-30 09:00:00+00:00,18.74,602.5,12.47,400.92
2010-07-01 09:00:00+00:00,18.65,599.61,12.47,400.92
2010-07-30 09:00:00+00:00,17.66,567.78,11.33,364.27
2010-08-02 09:00:00+00:00,18.11,582.25,11.45,368.13
2010-08-31 09:00:00+00:00,18.87,606.68,12.25,393.85
2010-09-01 09:00:00+00:00,19.47,625.97,12.66,407.03
2010-09-30 09:00:00+00:00,22.07,709.57,13.87,445.93
2010-10-01 09:00:00+00:00,21.95,705.71,13.87,445.93
2010-11-01 09:00:00+00:00,24.91,800.87,15.51,498.66
2010-11-30 09:00:00+00:00,27.13,872.25,17.48,561.99
2010-12-01 09:00:00+00:00,28.74,924.01,18.41,591.89
2010-12-30 09:00:00+00:00,30.7,987.03,19.88,639.16
2011-01-04 09:00:00+00:00,30.67,986.06,19.64,631.44
2011-01-31 09:00:00+00:00,27.75,892.18,17.46,561.35
2011-02-01 09:00:00+00:00,28.32,910.51,17.58,565.21
2011-03-01 09:00:00+00:00,34.37,1105.02,21.12,679.02
2011-03-30 09:00:00+00:00,37.53,1206.62,23.39,752
2011-04-01 09:00:00+00:00,37.63,1209.83,23.45,753.93
2011-04-28 09:00:00+00:00,,,29.26,940.73
2011-05-03 09:00:00+00:00,43.61,1402.09,26.43,849.74
2011-05-31 09:00:00+00:00,38.65,1242.62,23.42,752.97
2011-06-01 09:00:00+00:00,37.95,1220.12,23.11,743
2011-06-30 09:00:00+00:00,35.02,1125.92,21.89,703.78
2011-07-01 09:00:00+00:00,33.85,1088.3,21.13,679.34
2011-08-01 09:00:00+00:00,39.31,1263.84,23.93,769.37
2011-08-30 09:00:00+00:00,40.9,1314.96,25.06,805.7
2011-09-01 09:00:00+00:00,41.47,1333.29,25.59,822.74
2011-09-30 09:00:00+00:00,30.45,978.99,19.53,627.9
2011-10-03 09:00:00+00:00,31.05,998.28,20.01,643.34
2011-10-31 09:00:00+00:00,34.24,1100.84,21.36,686.74
2011-11-01 09:00:00+00:00,32.97,1060.01,20.72,666.16
2011-11-30 09:00:00+00:00,31.35,1007.92,20.08,645.59
2011-12-01 09:00:00+00:00,33.28,1069.98,21.17,680.63
2011-12-30 09:00:00+00:00,28.18,906.01,18.24,586.43
2012-01-03 09:00:00+00:00,28.78,925.3,18.43,592.54
2012-01-30 09:00:00+00:00,33.18,1066.76,21.14,679.67
2012-02-01 09:00:00+00:00,33.8,1086.69,21.42,688.67
2012-03-01 09:00:00+00:00,34.56,1111.13,21.67,696.71
2012-03-30 09:00:00+00:00,32.43,1042.65,20.26,651.37
2012-04-02 09:00:00+00:00,32.42,1042.33,20.21,649.77
2012-04-30 09:00:00+00:00,31.2,1003.1,19.18,616.65
2012-05-01 09:00:00+00:00,30.78,989.6,18.99,610.54
2012-05-30 09:00:00+00:00,27.68,889.93,17.75,570.67
2012-06-01 09:00:00+00:00,27.38,880.29,17.88,574.85
2012-07-02 09:00:00+00:00,27.36,879.64,17.46,561.35
2012-07-30 09:00:00+00:00,27.64,888.65,17.6,565.85
2012-08-01 09:00:00+00:00,27.87,896.04,17.83,573.25
2012-08-30 09:00:00+00:00,30.66,985.74,19.36,622.44
2012-09-03 09:00:00+00:00,31.74,1020.46,19.97,642.05
2012-10-01 09:00:00+00:00,34.35,1104.38,21.28,684.17
2012-10-30 09:00:00+00:00,31.98,1028.18,19.91,640.12
2012-11-01 09:00:00+00:00,32.66,1050.04,20.21,649.77
2012-11-30 09:00:00+00:00,34.28,1102.13,21.36,686.74
2012-12-03 09:00:00+00:00,33.42,1074.48,20.82,669.38
2012-12-31 09:00:00+00:00,29.95,962.91,18.52,595.43
2013-01-02 09:00:00+00:00,30.87,992.49,18.94,608.93
2013-01-30 09:00:00+00:00,31.35,1007.92,19.87,638.83
2013-02-01 09:00:00+00:00,31.43,1010.5,19.85,638.19
2013-03-01 09:00:00+00:00,28.01,900.54,18.65,599.61
2013-04-02 09:00:00+00:00,27.96,898.93,18.4,591.57
2013-04-30 09:00:00+00:00,24.42,785.12,15.76,506.7
2013-05-01 09:00:00+00:00,23.97,770.65,15.4,495.12
2013-05-30 09:00:00+00:00,22.68,729.18,14.97,481.3
2013-06-03 09:00:00+00:00,22.43,721.14,14.7,472.62
2013-07-01 09:00:00+00:00,19.44,625.01,12.78,410.89
2013-07-30 09:00:00+00:00,19.68,632.73,12.85,413.14
2013-08-01 09:00:00+00:00,19.72,634.01,12.95,416.35
2013-08-30 09:00:00+00:00,23.64,760.04,15.25,490.3
2013-09-02 09:00:00+00:00,23.97,770.65,15.39,494.8
2013-09-30 09:00:00+00:00,21.68,697.03,13.42,431.46
2013-10-01 09:00:00+00:00,21.7,697.67,13.37,429.85
2013-10-30 09:00:00+00:00,22.74,731.11,14.16,455.25
2013-11-01 09:00:00+00:00,21.75,699.28,13.63,438.21
2013-12-02 09:00:00+00:00,19.75,634.98,12.06,387.74
2013-12-30 09:00:00+00:00,19.65,631.76,11.93,383.56
2014-01-02 09:00:00+00:00,19.94,641.08,12.07,388.06
2014-01-30 09:00:00+00:00,19.41,624.05,11.77,378.41
2014-02-03 09:00:00+00:00,19.27,619.54,11.79,379.06
2014-03-03 09:00:00+00:00,21.46,689.95,12.84,412.81
2014-03-31 09:00:00+00:00,19.97,642.05,11.99,385.49
2014-04-01 09:00:00+00:00,19.8,636.58,11.9,382.59
2014-04-30 09:00:00+00:00,19.28,619.87,11.47,368.77
2014-05-01 09:00:00+00:00,19.06,612.79,11.28,362.66
2014-05-30 09:00:00+00:00,19,610.86,11.35,364.91
2014-06-02 09:00:00+00:00,18.81,604.75,11.23,361.05
2014-06-30 09:00:00+00:00,20.87,670.99,12.25,393.85
2014-07-01 09:00:00+00:00,21.08,677.74,12.3,395.45
2014-07-30 09:00:00+00:00,20.54,660.38,12.13,389.99
2014-08-01 09:00:00+00:00,20.34,653.95,12.08,388.38
2014-09-01 09:00:00+00:00,19.49,626.62,11.73,377.13
2014-09-30 09:00:00+00:00,17.11,550.1,10.58,340.15
2014-10-01 09:00:00+00:00,17.04,547.85,10.52,338.23
2014-10-30 09:00:00+00:00,16.78,539.49,10.5,337.58
2014-11-03 09:00:00+00:00,16.15,519.23,10.09,324.4
2014-12-01 09:00:00+00:00,15.73,505.73,10.01,321.83
2014-12-30 09:00:00+00:00,15.79,507.66,10.16,326.65
2015-01-02 09:00:00+00:00,15.71,505.09,10.17,326.97
2015-01-30 09:00:00+00:00,16.92,543.99,11.22,360.73
2015-02-02 09:00:00+00:00,17.22,553.64,11.46,368.45
2015-03-02 09:00:00+00:00,16.63,534.67,10.8,347.23
2015-03-30 09:00:00+00:00,16.65,535.31,11.25,361.7
2015-04-01 09:00:00+00:00,16.56,532.42,11.21,360.41
2015-04-30 09:00:00+00:00,16.52,531.13,10.71,344.33
2015-05-01 09:00:00+00:00,16.17,519.88,10.58,340.15
2015-06-01 09:00:00+00:00,16.61,534.02,10.92,351.09
2015-06-30 09:00:00+00:00,15.7,504.77,9.99,321.19
2015-07-01 09:00:00+00:00,15.63,502.52,9.98,320.86
2015-07-30 09:00:00+00:00,14.64,470.69,9.37,301.25
2015-08-03 09:00:00+00:00,14.73,473.58,9.44,303.5
2015-09-01 09:00:00+00:00,14.68,471.97,9.57,307.68
2015-09-30 09:00:00+00:00,14.65,471.01,9.64,309.93
2015-10-01 09:00:00+00:00,14.55,467.79,9.61,308.97
2015-10-30 09:00:00+00:00,15.63,502.52,10.18,327.29
2015-11-02 09:00:00+00:00,15.4,495.12,9.96,320.22
2015-11-30 09:00:00+00:00,14.08,452.68,9.38,301.57
2015-12-01 09:00:00+00:00,14.21,456.86,9.42,302.86
2015-12-30 09:00:00+00:00,13.82,444.32,9.34,300.29
2016-01-04 09:00:00+00:00,14,450.11,9.48,304.79
2016-02-01 09:00:00+00:00,14.33,460.72,10.04,322.79
2016-03-01 09:00:00+00:00,14.99,481.94,10.73,344.98
2016-03-30 09:00:00+00:00,15.38,494.48,10.68,343.37
2016-04-01 09:00:00+00:00,15.38,494.48,10.76,345.94
2016-05-03 09:00:00+00:00,17.49,562.32,11.92,383.24
2016-05-31 09:00:00+00:00,16.06,516.34,10.99,353.34
2016-06-01 09:00:00+00:00,15.95,512.8,11.04,354.94
2016-06-30 09:00:00+00:00,18.36,590.29,13.61,437.57
2016-07-01 09:00:00+00:00,19.24,618.58,14.48,465.54
2016-08-01 09:00:00+00:00,20.51,659.41,15.56,500.26
2016-08-30 09:00:00+00:00,18.78,603.79,14.35,461.36
2016-09-01 09:00:00+00:00,18.65,599.61,14.08,452.68
2016-09-30 09:00:00+00:00,19.35,622.12,14.92,479.69
2016-10-03 09:00:00+00:00,19.18,616.65,14.89,478.72
2016-10-31 09:00:00+00:00,17.76,571,14.59,469.08
2016-11-01 09:00:00+00:00,18.24,586.43,14.91,479.37
2016-11-30 09:00:00+00:00,16.67,535.95,13.39,430.5
2016-12-01 09:00:00+00:00,16.3,524.06,12.91,415.07
2016-12-30 09:00:00+00:00,16.24,522.13,13.2,424.39
2017-01-03 09:00:00+00:00,15.95,512.8,12.97,416.99
2017-01-30 09:00:00+00:00,17.1,549.78,13.66,439.18
2017-02-01 09:00:00+00:00,17.6,565.85,13.91,447.22
2017-03-01 09:00:00+00:00,18.33,589.32,14.89,478.72
2017-03-30 09:00:00+00:00,18.1,581.93,14.53,467.15
2017-04-03 09:00:00+00:00,18.16,583.86,14.52,466.83
2017-05-02 09:00:00+00:00,16.95,544.95,13.12,421.82
2017-05-30 09:00:00+00:00,17.27,555.24,13.42,431.46
2017-06-01 09:00:00+00:00,17.13,550.74,13.33,428.57
2017-06-30 09:00:00+00:00,16.47,529.52,12.69,407.99
2017-07-03 09:00:00+00:00,16.48,529.84,12.72,408.96
2017-07-31 09:00:00+00:00,16.76,538.85,12.77,410.56
2017-08-01 09:00:00+00:00,16.74,538.2,12.67,407.35
2017-08-30 09:00:00+00:00,17.44,560.71,13.49,433.71
2017-09-01 09:00:00+00:00,17.5,562.64,13.53,435
2017-09-30 09:00:00+00:00,16.86,542.06,12.6,405.1
2017-10-02 09:00:00+00:00,16.58,533.06,12.46,400.6
2017-10-30 09:00:00+00:00,16.74,538.2,12.69,407.99
2017-11-01 09:00:00+00:00,16.94,544.63,12.74,409.6
2017-11-30 09:00:00+00:00,16.57,532.74,12.32,396.1
2017-12-01 09:00:00+00:00,16.42,527.91,12.16,390.95
2017-12-31 09:00:00+00:00,16.87,542.38,12.48,401.24
2018-01-02 09:00:00+00:00,17.06,548.49,12.59,404.78
2018-01-30 09:00:00+00:00,17.3,556.21,12.24,393.52
2018-02-01 09:00:00+00:00,17.19,552.67,12.09,388.7
2018-03-01 09:00:00+00:00,16.32,524.7,11.87,381.63
2018-03-31 09:00:00+00:00,16.28,523.41,11.58,372.31
2018-04-03 09:00:00+00:00,16.52,531.13,11.78,378.74
2018-04-30 09:00:00+00:00,16.38,526.63,11.93,383.56
2018-05-01 09:00:00+00:00,16.25,522.45,11.87,381.63
2018-05-30 09:00:00+00:00,16.37,526.31,12.33,396.42
2018-06-01 09:00:00+00:00,16.42,527.91,12.32,396.1
2018-06-30 09:00:00+00:00,16.03,515.38,12.2,392.24
2018-07-02 09:00:00+00:00,15.98,513.77,12.14,390.31
2018-07-30 09:00:00+00:00,15.49,498.01,11.81,379.7
2018-08-01 09:00:00+00:00,15.48,497.69,11.79,379.06
2018-08-30 09:00:00+00:00,14.66,471.33,11.27,362.34
2018-09-03 09:00:00+00:00,14.52,466.83,11.27,362.34
2018-10-01 09:00:00+00:00,14.55,467.79,11.16,358.8
2018-10-30 09:00:00+00:00,14.42,463.61,11.32,363.95
2018-11-01 09:00:00+00:00,14.45,464.58,11.19,359.77
2018-11-30 09:00:00+00:00,14.24,457.83,11.16,358.8
2018-12-03 09:00:00+00:00,14.38,462.33,11.31,363.62
2018-12-31 09:00:00+00:00,15.46,497.05,12.11,389.34
2019-01-02 09:00:00+00:00,15.44,496.41,12.19,391.92
2019-01-30 09:00:00+00:00,15.92,511.84,12.15,390.63
2019-02-01 09:00:00+00:00,16.01,514.73,12.26,394.17
2019-03-01 09:00:00+00:00,15.56,500.26,11.75,377.77
2019-04-01 09:00:00+00:00,15.07,484.51,11.5,369.73
2019-04-30 09:00:00+00:00,14.98,481.62,11.52,370.38
2019-05-01 09:00:00+00:00,14.88,478.4,11.39,366.2
2019-05-30 09:00:00+00:00,14.4,462.97,11.4,366.52
2019-06-03 09:00:00+00:00,14.7,472.62,11.63,373.91
2019-07-01 09:00:00+00:00,15.26,490.62,12.08,388.38
2019-07-30 09:00:00+00:00,16.45,528.88,13.52,434.68
2019-08-01 09:00:00+00:00,16,514.41,13.22,425.03
2019-08-30 09:00:00+00:00,18.39,591.25,15.1,485.48
2019-09-02 09:00:00+00:00,18.35,589.97,15.2,488.69
2019-09-30 09:00:00+00:00,17.26,554.92,14.03,451.07
2019-10-01 09:00:00+00:00,17.11,550.1,13.91,447.22
2019-10-30 09:00:00+00:00,17.95,577.11,13.92,447.54
2019-11-01 09:00:00+00:00,18.12,582.57,13.98,449.47
2019-12-02 09:00:00+00:00,16.88,542.7,13.07,420.21
2019-12-30 09:00:00+00:00,17.82,572.93,13.58,436.61
2020-01-02 09:00:00+00:00,17.92,576.14,13.58,436.61
2020-01-30 09:00:00+00:00,17.73,570.03,13.55,435.64
2020-02-03 09:00:00+00:00,17.77,571.32,13.61,437.57
2020-03-01 00:00:00+00:00,17,546.56,13.34,428.89
2020-03-30 00:00:00+00:00,14.46,464.9,11.61,373.27
2020-04-01 00:00:00+00:00,14.03,451.07,11.31,363.62
2020-04-30 00:00:00+00:00,15.34,493.19,12.31,395.78
2020-05-01 00:00:00+00:00,15.03,483.23,11.95,384.2
2020-05-30 00:00:00+00:00,18.03,579.68,14.64,470.69
2020-06-01 00:00:00+00:00,18.15,583.54,14.7,472.62
2020-06-30 00:00:00+00:00,17.92,576.14,14.56,468.11
2020-07-01 00:00:00+00:00,18.27,587.39,14.75,474.22
2020-07-30 00:00:00+00:00,24.33,782.23,18.75,602.83
2020-08-01 00:00:00+00:00,24.8,797.34,18.99,610.54
2020-08-30 00:00:00+00:00,27.63,888.32,20.71,665.84
2020-09-01 00:00:00+00:00,28.24,907.94,21.14,679.67
2020-09-30 00:00:00+00:00,24.35,782.87,18.93,608.61
2020-10-01 00:00:00+00:00,23.45,753.93,18.16,583.86
2020-10-30 00:00:00+00:00,23.39,752,18.09,581.61
2020-11-01 00:00:10+00:00,23.79,764.87,18.36,590.29
2020-11-30 00:00:00+00:00,22.74,731.11,17.22,553.64
2020-12-01 00:00:00+00:00,22.75,731.43,17.06,548.49
2020-12-30 00:00:10+00:00,26.27,844.6,19.47,625.97
2021-01-01 00:00:10+00:00,26.53,852.96,19.48,626.3
2021-01-30 00:00:00+00:00,27.18,873.86,19.89,639.48
2021-02-01 00:00:10+00:00,29.1,935.59,21.25,683.2
2021-03-01 00:00:20+00:00,26.9,864.85,19.25,618.9
2021-03-30 00:00:20+00:00,24.76,796.05,17.98,578.07
2021-04-01 00:00:20+00:00,24.52,788.34,17.79,571.96
2021-04-30 00:00:10+00:00,26.19,842.03,18.78,603.79
2021-05-01 00:00:10+00:00,26.1,839.13,18.95,609.26
2021-05-30 00:00:10+00:00,28.08,902.79,19.81,636.91
2021-06-01 00:00:10+00:00,28.21,906.97,19.9,639.8
2021-06-30 00:00:10+00:00,25.89,832.38,18.71,601.54
2021-07-01 00:00:10+00:00,26.18,841.71,18.94,608.93
2021-07-30 00:00:00+00:00,25.61,823.38,18.35,589.97
2021-08-01 00:00:00+00:00,25.63,824.02,18.46,593.5
2021-08-30 00:00:13+00:00,24.16,776.76,17.56,564.57
2021-09-01 00:00:10+00:00,23.98,770.97,17.44,560.71
2021-09-30 00:00:10+00:00,21.63,695.42,16.12,518.27
2021-10-01 00:00:10+00:00,22.17,712.78,16.46,529.2
2021-10-30 00:00:10+00:00,24.06,773.55,17.64,567.14
2021-11-01 00:00:13+00:00,23.85,766.79,17.44,560.71
2021-11-30 00:00:10+00:00,23.01,739.79,17.29,555.89
2021-12-01 00:00:10+00:00,22.87,735.29,17.21,553.31
2021-12-30 00:00:00+00:00,22.9,736.25,16.97,545.6
2022-01-01 00:00:10+00:00,23.47,754.58,17.45,561.03
2022-01-30 00:00:13+00:00,22.57,725.64,16.88,542.7
2022-02-01 00:00:10+00:00,22.55,725,16.78,539.49
2022-03-01 00:00:10+00:00,24.5,787.69,18.25,586.75
2022-03-30 00:00:03+00:00,24.82,797.98,18.95,609.26
2022-04-01 00:00:10+00:00,24.88,799.91,18.93,608.61
2022-04-30 00:00:13+00:00,22.95,737.86,18.29,588.04
2022-05-01 00:00:10+00:00,22.89,735.93,18.2,585.14
2022-05-30 00:00:00+00:00,22.11,710.85,17.52,563.28
2022-06-01 00:00:01+00:00,21.61,694.78,17.14,551.06
2022-06-30 00:04:03+00:00,20.79,668.41,17.15,551.38
2022-07-01 00:00:10+00:00,20.33,653.62,16.72,537.56
2022-07-30 00:00:10+00:00,20.5,659.09,16.99,546.24
2022-08-01 00:00:10+00:00,20.29,652.34,16.67,535.95
2022-08-30 00:00:10+00:00,18.86,606.36,16.09,517.3
2022-09-01 00:03:25+00:00,17.9,575.5,15.44,496.41
2022-09-30 00:00:10+00:00,18.97,609.9,16.98,545.92
2022-10-01 00:00:10+00:00,19.17,616.33,17.33,557.17
2022-10-22 05:16:00+00:00,,,,
2022-10-30 00:00:10+00:00,19.36,622.44,16.7,536.92
2022-11-01 00:00:10+00:00,19.23,618.26,16.77,539.17
2022-11-30 00:00:15+00:00,21.29,684.49,17.82,572.93
2022-12-01 00:00:27+00:00,22.42,720.82,18.57,597.04
2022-12-30 00:00:20+00:00,23.95,770.01,19.87,638.83
2023-01-01 00:00:25+00:00,24.07,773.87,19.96,641.73
2023-01-30 00:00:21+00:00,23.72,762.61,19.13,615.04
2023-02-01 00:00:23+00:00,23.71,762.29,19.26,619.22
2023-03-01 00:00:23+00:00,20.91,672.27,17.38,558.78
2023-03-30 00:00:28+00:00,23.34,750.4,18.96,609.58
2023-04-01 00:00:10+00:00,24.17,777.08,19.62,630.8
2023-04-30 00:00:27+00:00,25.13,807.95,20.02,643.66
2023-05-01 00:02:34+00:00,25,803.77,19.91,640.12
2023-05-30 00:00:21+00:00,23.15,744.29,18.75,602.83
2023-06-01 00:00:28+00:00,23.55,757.15,18.92,608.29
2023-06-30 00:00:28+00:00,22.6,726.61,17.91,575.82
2023-07-01 00:00:19+00:00,22.8,733.04,17.96,577.43
2023-07-30 00:00:21+00:00,24.33,782.23,18.94,608.93
2023-08-01 00:00:28+00:00,24.75,795.73,19.29,620.19
2023-08-30 00:00:29+00:00,24.73,795.09,19.57,629.19
2023-09-01 00:00:15+00:00,24.44,785.76,19.29,620.19
2023-09-30 00:00:25+00:00,22.22,714.39,18.22,585.79
2023-10-01 00:00:26+00:00,22.22,714.39,18.22,585.79
2023-10-30 00:00:22+00:00,23.08,742.04,19.06,612.79
2023-11-01 02:10:00+00:00,22.74,731.11,18.73,602.18
2023-11-30 00:00:21+00:00,24.99,803.45,19.69,633.05
2023-12-01 00:00:21+00:00,25.39,816.31,20.1,646.23
2023-12-30 00:00:26+00:00,23.87,767.44,18.75,602.83
2024-01-01 00:00:23+00:00,23.87,767.44,18.75,602.83
2024-01-30 00:00:21+00:00,23.23,746.86,18.27,587.39
2024-02-01 00:00:19+00:00,22.94,737.54,18.09,581.61
2024-03-01 00:00:26+00:00,22.69,729.5,17.97,577.75
2024-03-30 00:00:27+00:00,25.08,806.34,19.87,638.83
2024-04-01 00:00:27+00:00,25.19,809.88,19.94,641.08
2024-04-30 00:00:27+00:00,27.11,871.61,21.59,694.13
2024-05-01 00:00:28+00:00,26.37,847.81,21.12,679.02
2024-05-30 00:00:21+00:00,32.07,1031.07,25.25,811.81
2024-05-31 14:00:30+00:00,31.36,1008.25,,
2024-05-31 14:33:09+00:00,,,24.46,786.41
